time,goal_x,goal_y,x,y
6.077,-2.758204371884558,-3.409540233418163,11.999972319443348,-1.9998762962850265
6.077,-2.758204371884558,-3.409540233418163,11.999972319443348,-1.9998762962850265
6.327,-2.758204371884558,-3.409540233418163,12.015579831389566,-1.999841359884105
6.577,-2.758204371884558,-3.409540233418163,12.062769816335505,-2.0008566325941195
6.827,-2.758204371884558,-3.409540233418163,12.105291458474388,-2.0047931539290427
7.077,-2.758204371884558,-3.409540233418163,12.153225077847935,-2.0129049970710886
7.327,-2.758204371884558,-3.409540233418163,12.194473128257375,-2.023140821661665
7.577,-2.758204371884558,-3.409540233418163,12.240550800902742,-2.0384374266158276
7.827,-2.758204371884558,-3.409540233418163,12.28001351016628,-2.054873508565515
8.077,-2.758204371884558,-3.409540233418163,12.323051363186437,-2.0768539827322368
8.327,-2.758204371884558,-3.409540233418163,12.359546276839085,-2.0990897980768395
8.577,-2.758204371884558,-3.409540233418163,12.398899912089705,-2.127320889966655
8.827,-2.758204371884558,-3.409540233418163,12.431573028453336,-2.1547792834217203
9.077,-2.758204371884558,-3.409540233418163,12.466313680630838,-2.188736953532903
9.327,-2.758204371884558,-3.409540233418163,12.494435297748046,-2.2206619444574627
9.577,-2.758204371884558,-3.409540233418163,12.52363098283856,-2.2594140900000146
9.827,-2.758204371884558,-3.409540233418163,12.546766926516637,-2.295338694089509
10.077,-2.758204371884558,-3.409540233418163,12.569784196482333,-2.3378996834014214
10.327,-2.758204371884558,-3.409540233418163,12.587261594156532,-2.3768753101473106
10.577,-2.758204371884558,-3.409540233418163,12.603732990053135,-2.4224693676220803
10.827,-2.758204371884558,-3.409540233418163,12.615196512240972,-2.463553525269191
11.077,-2.758204371884558,-3.409540233418163,12.624710305482427,-2.5111976213942535
11.327,-2.758204371884558,-3.409540233418163,12.629971412522877,-2.553495664964851
11.577,-2.758204371884558,-3.409540233418163,12.63230630061806,-2.601988437685119
11.827,-2.758204371884558,-3.409540233418163,12.631235657516171,-2.644676404275009
12.077,-2.758204371884558,-3.409540233418163,12.626373214839937,-2.693015310153438
12.327,-2.758204371884558,-3.409540233418163,12.618926249367954,-2.735055513910952
12.577,-2.758204371884558,-3.409540233418163,12.606913785281659,-2.7819931529477273
12.827,-2.758204371884558,-3.409540233418163,12.593198437075952,-2.822351532167193
13.077,-2.758204371884558,-3.409540233418163,12.574123854226265,-2.867137875443173
13.327,-2.758204371884558,-3.409540233418163,12.554591935752642,-2.9047943341023217
13.577,-2.758204371884558,-3.409540233418163,12.528961972659863,-2.946123942059096
13.827,-2.758204371884558,-3.409540233418163,12.503876829381145,-2.9805943529434287
14.077,-2.758204371884558,-3.409540233418163,12.47242876422216,-3.0174585668644034
14.327,-2.758204371884558,-3.409540233418163,12.442414052360398,-3.0477364830745888
14.577,-2.758204371884558,-3.409540233418163,12.405777615539243,-3.079539180911494
14.827,-2.758204371884558,-3.409540233418163,12.371603210867358,-3.104924676428184
15.077,-2.758204371884558,-3.409540233418163,12.33045959769585,-3.130954581941909
15.327,-2.758204371884558,-3.409540233418163,12.292962408822088,-3.1509273720251185
15.577,-2.758204371884558,-3.409540233418163,12.248431575963833,-3.170489086959763
15.827,-2.758204371884558,-3.409540233418163,12.208274423194473,-3.1847074766760066
16.077,-2.758204371884558,-3.409540233418163,12.161415983549231,-3.197409363233619
16.327,-2.758204371884558,-3.409540233418163,12.11958765854064,-3.205469868996717
16.576999999999998,-2.758204371884558,-3.409540233418163,12.071302185522438,-3.2111094327123384
16.826999999999998,-2.758204371884558,-3.409540233418163,12.028792527781428,-3.2128682338372014
17.077,-2.758204371884558,-3.409540233418163,11.980132604775347,-3.2112637770570496
17.327,-2.758204371884558,-3.409540233418163,11.938485433055671,-3.207421343044888
17.576999999999998,-2.758204371884558,-3.409540233418163,11.891341735598509,-3.2055258013484043
17.826999999999998,-2.758204371884558,-3.409540233418163,11.849942659925535,-3.206906592907422
18.077,-2.758204371884558,-3.409540233418163,11.802826665542792,-3.2099491636902817
18.327,-2.758204371884558,-3.409540233418163,11.760026706451622,-3.209839390102556
18.576999999999998,-2.758204371884558,-3.409540233418163,11.712581459398168,-3.2081892950828093
18.826999999999998,-2.758204371884558,-3.409540233418163,11.671150346126161,-3.2095995658131784
19.077,-2.758204371884558,-3.409540233418163,11.624325530929363,-3.212732605168388
19.327,-2.758204371884558,-3.409540233418163,11.581541996438085,-3.212917311417857
19.576999999999998,-2.758204371884558,-3.409540233418163,11.535407967725575,-3.211096054804313
19.826999999999998,-2.758204371884558,-3.409540233418163,11.493965899576882,-3.211828529612443
20.077,-2.758204371884558,-3.409540233418163,11.444574478828688,-3.214450430698216
20.327,-2.758204371884558,-3.409540233418163,11.40201213792845,-3.2139912951451497
20.576999999999998,-2.758204371884558,-3.409540233418163,11.354633833608299,-3.212309223900676
20.826999999999998,-2.758204371884558,-3.409540233418163,11.313252285824767,-3.2137035844295503
21.077,-2.758204371884558,-3.409540233418163,11.265150216695822,-3.2166079115688326
21.327,-2.758204371884558,-3.409540233418163,11.222577532135563,-3.21616325554884
21.576999999999998,-2.758204371884558,-3.409540233418163,11.175156529252442,-3.214512830298367
21.826999999999998,-2.758204371884558,-3.409540233418163,11.133753195352117,-3.2159813925876577
22.077,-2.758204371884558,-3.409540233418163,11.087084151552899,-3.219213413344472
22.327,-2.758204371884558,-3.409540233418163,11.044262897626323,-3.219405596026142
22.576999999999998,-2.758204371884558,-3.409540233418163,10.99635275309497,-3.2177374929133733
22.826999999999998,-2.758204371884558,-3.409540233418163,10.954873544696571,-3.219015756098273
23.077,-2.758204371884558,-3.409540233418163,10.907083102642453,-3.221849400170499
23.327,-2.758204371884558,-3.409540233418163,10.864326617016701,-3.221470683494605
23.576999999999998,-2.758204371884558,-3.409540233418163,10.8183719032284,-3.2192713550509615
23.826999999999998,-2.758204371884558,-3.409540233418163,10.776950462772767,-3.219738961709455
24.077,-2.758204371884558,-3.409540233418163,10.730037975633381,-3.223775282043497
24.327,-2.758204371884558,-3.409540233418163,10.6904502175826,-3.2290130284637413
24.576999999999998,-2.758204371884558,-3.409540233418163,10.6419726065826,-3.2327289737396714
24.826999999999998,-2.758204371884558,-3.409540233418163,10.599412319083195,-3.2327832496702196
25.077,-2.758204371884558,-3.409540233418163,10.551944477263035,-3.231715925851139
25.327,-2.758204371884558,-3.409540233418163,10.510577311376187,-3.2336768651705508
25.576999999999998,-2.758204371884558,-3.409540233418163,10.463304935356497,-3.237340951219238
25.826999999999998,-2.758204371884558,-3.409540233418163,10.42052818537161,-3.2377469327331485
26.077,-2.758204371884558,-3.409540233418163,10.373090087561645,-3.2367562797216487
26.327,-2.758204371884558,-3.409540233418163,10.331703325190656,-3.238770178919741
26.576999999999998,-2.758204371884558,-3.409540233418163,10.285282744377438,-3.2426134326281697
26.826999999999998,-2.758204371884558,-3.409540233418163,10.242499919179386,-3.2435484589001
27.077,-2.758204371884558,-3.409540233418163,10.194140383510621,-3.2409961177417372
27.327,-2.758204371884558,-3.409540233418163,10.152551795965506,-3.2373774668599817
27.576999999999998,-2.758204371884558,-3.409540233418163,10.10543602600688,-3.2365663370436613
27.826999999999998,-2.758204371884558,-3.409540233418163,10.064108138259822,-3.238902197119303
28.077,-2.758204371884558,-3.409540233418163,10.015752895139642,-3.243007388468909
28.327,-2.758204371884558,-3.409540233418163,9.97321592931263,-3.2436259030076755
28.576999999999998,-2.758204371884558,-3.409540233418163,9.924624680873608,-3.240718938763035
28.826999999999998,-2.758204371884558,-3.409540233418163,9.88333141377828,-3.2356611124439505
29.077,-2.758204371884558,-3.409540233418163,9.836323609293139,-3.231802288434496
29.327,-2.758204371884558,-3.409540233418163,9.794899389120648,-3.2314641831035655
29.576999999999998,-2.758204371884558,-3.409540233418163,9.747918132294869,-3.234555728389375
29.826999999999998,-2.758204371884558,-3.409540233418163,9.704501767533454,-3.2394230289894077
30.077,-2.758204371884558,-3.409540233418163,9.656152608339,-3.241827695708346
30.327,-2.758204371884558,-3.409540233418163,9.613335543830187,-3.240788552786981
30.576999999999998,-2.758204371884558,-3.409540233418163,9.565529678729238,-3.2372388077980747
30.826999999999998,-2.758204371884558,-3.409540233418163,9.52404191991421,-3.236455792412371
31.077,-2.758204371884558,-3.409540233418163,9.477015660090027,-3.2390254577094675
31.327,-2.758204371884558,-3.409540233418163,9.436037594781315,-3.2429844085591744
31.576999999999998,-2.758204371884558,-3.409540233418163,9.387452532987623,-3.24452079329398
31.826999999999998,-2.758204371884558,-3.409540233418163,9.344935784149973,-3.2426904549054663
32.077,-2.758204371884558,-3.409540233418163,9.297624195178843,-3.2394924284127486
32.327,-2.758204371884558,-3.409540233418163,9.256229883627253,-3.239559794257258
32.577,-2.758204371884558,-3.409540233418163,9.209260977228674,-3.243189134075239
32.827,-2.758204371884558,-3.409540233418163,9.167059776118812,-3.247999752739128
33.077,-2.758204371884558,-3.409540233418163,9.118621938683003,-3.2501854267864925
33.327,-2.758204371884558,-3.409540233418163,9.075881723450172,-3.2489285442403233
33.577,-2.758204371884558,-3.409540233418163,9.028506376693173,-3.2461246193329996
33.827,-2.758204371884558,-3.409540233418163,8.987078875138392,-3.246560152433125
34.077,-2.758204371884558,-3.409540233418163,8.940100765567227,-3.25047382198885
34.327,-2.758204371884558,-3.409540233418163,8.898095712634666,-3.2556256437360966
34.577,-2.758204371884558,-3.409540233418163,8.849717601723087,-3.2581606630894453
34.827,-2.758204371884558,-3.409540233418163,8.806989170401728,-3.2572428585628153
35.077,-2.758204371884558,-3.409540233418163,8.761111326238717,-3.254546075038486
35.327,-2.758204371884558,-3.409540233418163,8.71970866181826,-3.2545778455927206
35.577,-2.758204371884558,-3.409540233418163,8.672771586308171,-3.2581311056597935
35.827,-2.758204371884558,-3.409540233418163,8.632628642897174,-3.262893103802944
36.077,-2.758204371884558,-3.409540233418163,8.584113032861847,-3.2658456545377486
36.327,-2.758204371884558,-3.409540233418163,8.541537628271021,-3.2652255517209716
36.577,-2.758204371884558,-3.409540233418163,8.494099647254664,-3.2633989760602207
36.827,-2.758204371884558,-3.409540233418163,8.45270195854804,-3.264703976839515
37.077,-2.758204371884558,-3.409540233418163,8.405854029837494,-3.2677257483097697
37.327,-2.758204371884558,-3.409540233418163,8.363061051321328,-3.267676811590316
37.577,-2.758204371884558,-3.409540233418163,8.315186260934729,-3.2659359704663222
37.827,-2.758204371884558,-3.409540233418163,8.273784678302793,-3.2672362817221305
38.077,-2.758204371884558,-3.409540233418163,8.226299358720171,-3.2700828099582555
38.327,-2.758204371884558,-3.409540233418163,8.183526086960798,-3.269798258499117
38.577,-2.758204371884558,-3.409540233418163,8.137670207958765,-3.2675539490147067
38.827,-2.758204371884558,-3.409540233418163,8.096234648887545,-3.267968800301927
39.077,-2.758204371884558,-3.409540233418163,8.049325214583245,-3.2719303911908537
39.327,-2.758204371884558,-3.409540233418163,8.009772879900483,-3.277132767224956
39.577,-2.758204371884558,-3.409540233418163,7.961308541866439,-3.2808035648284783
39.827,-2.758204371884558,-3.409540233418163,7.918742963799269,-3.2808151445633924
40.077,-2.758204371884558,-3.409540233418163,7.871283945417793,-3.279708594390678
40.327,-2.758204371884558,-3.409540233418163,7.829921804413052,-3.2816162304229697
40.577,-2.758204371884558,-3.409540233418163,7.78250835030751,-3.2852204882686156
40.827,-2.758204371884558,-3.409540233418163,7.739772185171058,-3.2855387832280707
41.077,-2.758204371884558,-3.409540233418163,7.692268393354446,-3.2845410533273687
41.327,-2.758204371884558,-3.409540233418163,7.650896813165186,-3.2865727239789657
41.577,-2.758204371884558,-3.409540233418163,7.6047801902209935,-3.2904403629503354
41.827,-2.758204371884558,-3.409540233418163,7.561991659598282,-3.291472343022444
42.077,-2.758204371884558,-3.409540233418163,7.513651292281872,-3.2890187166774685
42.327,-2.758204371884558,-3.409540233418163,7.47201522450532,-3.2854962225110906
42.577,-2.758204371884558,-3.409540233418163,7.42493137643475,-3.2847921076184696
42.827,-2.758204371884558,-3.409540233418163,7.383586039328765,-3.287237064427067
43.077,-2.758204371884558,-3.409540233418163,7.334535837573177,-3.2918285988052993
43.327,-2.758204371884558,-3.409540233418163,7.291996691001375,-3.2930253810271206
43.577,-2.758204371884558,-3.409540233418163,7.243360487733692,-3.2907808900157827
43.827,-2.758204371884558,-3.409540233418163,7.201443451361071,-3.286414865407291
44.077,-2.758204371884558,-3.409540233418163,7.154321233698253,-3.2840267672585153
44.327,-2.758204371884558,-3.409540233418163,7.1129151775793416,-3.2849698335647375
44.577,-2.758204371884558,-3.409540233418163,7.065777125501749,-3.2875221225078737
44.827,-2.758204371884558,-3.409540233418163,7.022995600916589,-3.2869702813248427
45.077,-2.758204371884558,-3.409540233418163,6.975485334394362,-3.28485082500192
45.327,-2.758204371884558,-3.409540233418163,6.934071496643724,-3.2858643741354534
45.577,-2.758204371884558,-3.409540233418163,6.8872014609380345,-3.2884936857164293
45.827,-2.758204371884558,-3.409540233418163,6.844416080513073,-3.2881962691591213
46.077,-2.758204371884558,-3.409540233418163,6.798281890414552,-3.285859805409224
46.327,-2.758204371884558,-3.409540233418163,6.756831692487238,-3.2862039050180174
46.577,-2.758204371884558,-3.409540233418163,6.70990794750422,-3.290076626915528
46.827,-2.758204371884558,-3.409540233418163,6.670286638738901,-3.2952374287009225
47.077,-2.758204371884558,-3.409540233418163,6.621806638027249,-3.298787093734814
47.327,-2.758204371884558,-3.409540233418163,6.579249380156844,-3.2986969721740538
47.577,-2.758204371884558,-3.409540233418163,6.53179510766704,-3.2974754402097726
47.827,-2.758204371884558,-3.409540233418163,6.490444595229649,-3.2992760054697734
48.077,-2.758204371884558,-3.409540233418163,6.442831830914646,-3.302724231751454
48.327,-2.758204371884558,-3.409540233418163,6.400139991097631,-3.302856762749329
48.577,-2.758204371884558,-3.409540233418163,6.352655874687949,-3.3017075376707745
48.827,-2.758204371884558,-3.409540233418163,6.311270128168653,-3.3036144036903368
49.077,-2.758204371884558,-3.409540233418163,6.265498460127726,-3.307421539294025
49.327,-2.758204371884558,-3.409540233418163,6.22269902034123,-3.308488700147127
49.577,-2.758204371884558,-3.409540233418163,6.174368429881433,-3.3060751593494224
49.827,-2.758204371884558,-3.409540233418163,6.132717625345774,-3.302588215041058
50.077,-2.758204371884558,-3.409540233418163,6.085655123808359,-3.301919552419461
50.327,-2.758204371884558,-3.409540233418163,6.044296180081269,-3.3044034713304358
50.577,-2.758204371884558,-3.409540233418163,5.995122947129088,-3.309093336846762
50.827,-2.758204371884558,-3.409540233418163,5.952589328261315,-3.3104040404234145
51.077,-2.758204371884558,-3.409540233418163,5.903940849795864,-3.308282022549134
51.327,-2.758204371884558,-3.409540233418163,5.86227668301824,-3.3042007266922524
51.577,-2.758204371884558,-3.409540233418163,5.815114063997587,-3.3023299085225655
51.827,-2.758204371884558,-3.409540233418163,5.7737399280479265,-3.303720086728665
52.077,-2.758204371884558,-3.409540233418163,5.726298221833341,-3.306710091968179
52.327,-2.758204371884558,-3.409540233418163,5.683537620503266,-3.3064793476094847
52.577,-2.758204371884558,-3.409540233418163,5.636126147068115,-3.3048224582927754
52.827,-2.758204371884558,-3.409540233418163,5.594718838908653,-3.306263607591295
53.077,-2.758204371884558,-3.409540233418163,5.548466722680736,-3.3094856059107594
53.327,-2.758204371884558,-3.409540233418163,5.505669169426908,-3.3099004753496954
53.577,-2.758204371884558,-3.409540233418163,5.458895338693776,-3.30819091865397
53.827,-2.758204371884558,-3.409540233418163,5.417439296152965,-3.3090322603774647
54.077,-2.758204371884558,-3.409540233418163,5.368120982783421,-3.3118210294261807
54.327,-2.758204371884558,-3.409540233418163,5.32552309376441,-3.3114926818142316
54.577,-2.758204371884558,-3.409540233418163,5.278199697903746,-3.3099224744278453
54.827,-2.758204371884558,-3.409540233418163,5.236814762113769,-3.3114146547787877
55.077,-2.758204371884558,-3.409540233418163,5.188655896133972,-3.314441473857862
55.327,-2.758204371884558,-3.409540233418163,5.1460943503014915,-3.3140931371480717
55.577,-2.758204371884558,-3.409540233418163,5.098656902854856,-3.312565313069054
55.827,-2.758204371884558,-3.409540233418163,5.057263896025196,-3.3141325790010163
56.077,-2.758204371884558,-3.409540233418163,5.010359554921101,-3.3174304381241932
56.327,-2.758204371884558,-3.409540233418163,4.967555828391782,-3.3176082740025907
56.577,-2.758204371884558,-3.409540233418163,4.919925911495777,-3.3161863024985836
56.827,-2.758204371884558,-3.409540233418163,4.878504305633137,-3.317774859741066
57.077,-2.758204371884558,-3.409540233418163,4.831300789915327,-3.321046004735387
57.327,-2.758204371884558,-3.409540233418163,4.7885258544491185,-3.3212383883493954
57.577,-2.758204371884558,-3.409540233418163,4.742590570479445,-3.319506071692427
57.827,-2.758204371884558,-3.409540233418163,4.701160541893025,-3.320350916957912
58.077,-2.758204371884558,-3.409540233418163,4.651785667672925,-3.323099359451459
58.327,-2.758204371884558,-3.409540233418163,4.6092290854346665,-3.3227444039032528
58.577,-2.758204371884558,-3.409540233418163,4.561849138749197,-3.3211867712192236
58.827,-2.758204371884558,-3.409540233418163,4.520466004927569,-3.322686564869356
59.077,-2.758204371884558,-3.409540233418163,4.472417357263419,-3.3257239169769623
59.327,-2.758204371884558,-3.409540233418163,4.429835804911686,-3.3254037810139865
59.577,-2.758204371884558,-3.409540233418163,4.382406771892751,-3.3238856178753644
59.827,-2.758204371884558,-3.409540233418163,4.341008618751147,-3.3254711668493
60.077,-2.758204371884558,-3.409540233418163,4.294643520752536,-3.328895809536973
60.327,-2.758204371884558,-3.409540233418163,4.2518249211168895,-3.3293533350019837
60.577,-2.758204371884558,-3.409540233418163,4.203647061311036,-3.3278721877114794
60.827,-2.758204371884558,-3.409540233418163,4.162174340838147,-3.3292646561206687
61.077,-2.758204371884558,-3.409540233418163,4.1142967053725,-3.3322042320338388
61.327,-2.758204371884558,-3.409540233418163,4.071548363827344,-3.331902812726112
61.577,-2.758204371884558,-3.409540233418163,4.025602799168408,-3.3298341573030434
61.827,-2.758204371884558,-3.409540233418163,3.9841842176635756,-3.3304369591276117
62.077,-2.758204371884558,-3.409540233418163,3.93527165656082,-3.332677025931536
62.327,-2.758204371884558,-3.409540233418163,3.892734830574991,-3.3317593102527643
62.577,-2.758204371884558,-3.409540233418163,3.8453223215870396,-3.3295967536635094
62.827,-2.758204371884558,-3.409540233418163,3.803955043911027,-3.3305716330001185
63.077,-2.758204371884558,-3.409540233418163,3.756018712774993,-3.333006538207937
63.327,-2.758204371884558,-3.409540233418163,3.713407293621559,-3.332182505503009
63.577,-2.758204371884558,-3.409540233418163,3.66598289769626,-3.3300466397789417
63.827,-2.758204371884558,-3.409540233418163,3.6245617465950857,-3.331096684917373
64.077,-2.758204371884558,-3.409540233418163,3.5787311612931543,-3.3340125829244527
64.327,-2.758204371884558,-3.409540233418163,3.5358991547125584,-3.3341939242789165
64.577,-2.758204371884558,-3.409540233418163,3.4876983640691206,-3.332169861388344
64.827,-2.758204371884558,-3.409540233418163,3.44620029779465,-3.3329141475124633
65.077,-2.758204371884558,-3.409540233418163,3.397964607959583,-3.3351833807633344
65.327,-2.758204371884558,-3.409540233418163,3.3552528767023135,-3.3342710096462334
65.577,-2.758204371884558,-3.409540233418163,3.3087255047014676,-3.33177060478201
65.827,-2.758204371884558,-3.409540233418163,3.267338684628709,-3.3321938326397813
66.077,-2.758204371884558,-3.409540233418163,3.220420647226895,-3.336206402791885
66.327,-2.758204371884558,-3.409540233418163,3.179963329987276,-3.341342379405333
66.577,-2.758204371884558,-3.409540233418163,3.131452132009959,-3.344585914179429
66.827,-2.758204371884558,-3.409540233418163,3.0888795555556077,-3.3442254730847063
67.077,-2.758204371884558,-3.409540233418163,3.0414405009673677,-3.3426775668849866
67.327,-2.758204371884558,-3.409540233418163,3.0000462621966686,-3.344234551315575
67.577,-2.758204371884558,-3.409540233418163,2.953443697162817,-3.3475806375885244
67.827,-2.758204371884558,-3.409540233418163,2.91063311781421,-3.347895423538704
68.077,-2.758204371884558,-3.409540233418163,2.8625596544612244,-3.3463761419439617
68.327,1.4255991374797359,-3.322679924405854,2.821118865723804,-3.3477953933989557
68.577,1.3825287914857667,-3.4102051560427578,2.773264323257766,-3.3507561152702223
68.827,1.3369185810371236,-3.410525776488086,2.7305038570251288,-3.3504701330182147
69.077,1.3018087913005174,-3.3268243300471223,2.684721677149197,-3.3483181476881474
69.327,1.2687783497670384,-3.3009671463960926,2.642852863149437,-3.347228197774667
69.577,1.2287036982983952,-3.346910403620892,2.595733634225769,-3.3449880797326172
69.827,1.173793979255484,-3.347138063224314,2.5549964498739017,-3.344617279847486
70.077,1.13709253348998,-3.3360982571883016,2.507612452157306,-3.3436198847898995
70.327,1.1015359710289017,-3.3459756926106983,2.46710093708416,-3.3443931450980218
70.577,1.0643319644550548,-3.40138857160446,2.419632698965482,-3.3449535194885156
70.827,1.0049888787734926,-3.435075996220908,2.378362855051217,-3.348320080559349
71.077,0.9734648940152053,-3.5174112373298883,2.3319125683612625,-3.355670196820949
71.327,0.9457820421522163,-3.608795763478849,2.2915576565698017,-3.3652241016052864
71.577,0.9241940976687459,-3.699546844723687,2.246709918016737,-3.379442548634437
71.827,0.9193673759769487,-3.8778825344865373,2.2083598725527405,-3.3949391955380834
72.077,0.9127558392945134,-3.9702973226548566,2.1659644850316164,-3.4158561303655657
72.327,0.9113314598362163,-4.06332205675905,2.1304350034763746,-3.4368185854232567
72.577,0.9142849401530821,-4.15892701744689,2.09175635029825,-3.4638354560811235
72.827,0.9668267225607325,-4.326969224677226,2.0596507258850036,-3.4899977993181683
73.077,1.0079692224670809,-4.421248860271324,2.0255575898801954,-3.522380619219483
73.327,1.0397645497948782,-4.508264559572462,1.997746932232053,-3.553069788798505
73.577,1.0777814494118396,-4.58716983680526,1.9687819590341238,-3.59021079891586
73.827,1.174940297402581,-4.727577804716312,1.9459185515412767,-3.6246176066968108
74.077,1.2115966141639571,-4.816960775618865,1.92273039527556,-3.6658015267680764
74.327,1.265586032871362,-4.886180682983149,1.9052234115458493,-3.70316166475289
74.577,1.327114524436741,-4.946276162283349,1.8884554847545376,-3.747254936267552
74.827,1.4859350107266716,-4.999886239279914,1.8766291161612472,-3.7869298025648486
75.077,1.550436411020514,-5.039547542555461,1.8665716660446718,-3.8329122092304075
75.327,1.6202612953360735,-5.078843253076074,1.8607689172311275,-3.8738956513444
75.577,1.6911829762991228,-5.111071585602751,1.8575827972696037,-3.9209466641667845
75.827,1.8323282119054287,-5.142026084313169,1.857899261630916,-3.962254386943372
76.077,1.9019821515319837,-5.160017288146511,1.861714750838231,-4.00935024150034
76.327,1.9721154231294173,-5.173146937155934,1.8681716960466028,-4.0500992053117955
76.577,2.045644768962861,-5.185129663091826,1.8790584984727108,-4.0959877677355925
76.827,2.1547715829396283,-5.050430882417235,1.8915995875711766,-4.135499862554227
77.077,2.210319280317782,-5.039330760240752,1.9092009277565472,-4.179083213292699
77.327,2.2688348491286523,-5.031222099676597,1.92759248842961,-4.2162825282317655
77.577,2.32165777278139,-5.014649221235265,1.951494463703945,-4.25675194129861
77.827,2.4104051781198614,-4.9631277839370345,1.9685386801167088,-4.2805698737038504
78.077,2.492113185158822,-4.90499530676233,1.981436742458141,-4.291786997434409
78.327,2.599818389007531,-4.7890852689706875,1.9897514248885517,-4.296611713236429
78.577,0.0,0.0,1.993866518770881,-4.298470690203379
78.827,7.9952838711224725,-1.6657719735870744,2.0024824234836096,-4.302440126489568
79.077,7.9952838711224725,-1.6657719735870744,2.0365059451750662,-4.321946534462669
79.327,7.9952838711224725,-1.6657719735870744,2.0732143130419756,-4.340773197142905
79.577,7.9952838711224725,-1.6657719735870744,2.1166627670966838,-4.359122006322544
79.827,7.9952838711224725,-1.6657719735870744,2.1558766241468406,-4.37236568458124
80.077,7.9952838711224725,-1.6657719735870744,2.2014668524479477,-4.384063332579741
80.327,7.9952838711224725,-1.6657719735870744,2.2422428928200095,-4.3913286025099865
80.577,7.9952838711224725,-1.6657719735870744,2.289118647374973,-4.396193920951319
80.827,7.9952838711224725,-1.6657719735870744,2.3304310474041436,-4.397347957277109
81.077,7.9952838711224725,-1.6657719735870744,2.377620633419684,-4.395220876667849
81.327,7.9952838711224725,-1.6657719735870744,2.4187342564547682,-4.390259842571856
81.577,7.9952838711224725,-1.6657719735870744,2.4649895222505194,-4.381108793864352
81.827,7.9952838711224725,-1.6657719735870744,2.5049501276268593,-4.37006987835933
82.077,7.9952838711224725,-1.6657719735870744,2.549172612046278,-4.354112067306931
82.327,7.9952838711224725,-1.6657719735870744,2.5870624794185617,-4.337120364358717
82.577,7.9952838711224725,-1.6657719735870744,2.628370009568496,-4.314765097252661
82.827,7.9952838711224725,-1.6657719735870744,2.664765007337624,-4.2932089040701475
83.077,7.9952838711224725,-1.6657719735870744,2.7080596204983007,-4.271568207493563
83.327,7.9952838711224725,-1.6657719735870744,2.747599853150528,-4.2553385491995845
83.577,7.9952838711224725,-1.6657719735870744,2.7911190251470197,-4.239188049216073
83.827,7.9952838711224725,-1.6657719735870744,2.82884912135405,-4.222265380603925
84.077,7.9952838711224725,-1.6657719735870744,2.8703017096702004,-4.199784902209138
84.327,7.9952838711224725,-1.6657719735870744,2.904806511579146,-4.179048369391234
84.577,7.9952838711224725,-1.6657719735870744,2.947795026102991,-4.156429699345961
84.827,7.9952838711224725,-1.6657719735870744,2.9868492833738642,-4.139544048175974
85.077,7.9952838711224725,-1.6657719735870744,3.030855467498457,-4.121748527782933
85.327,7.9952838711224725,-1.6657719735870744,3.0680972044319983,-4.10352194842265
85.577,7.9952838711224725,-1.6657719735870744,3.1085944259368596,-4.07971461765252
85.827,7.9952838711224725,-1.6657719735870744,3.1449280112057174,-4.056136415062914
86.077,7.9952838711224725,-1.6657719735870744,3.187194630214352,-4.03248059946326
86.327,7.9952838711224725,-1.6657719735870744,3.225991095088667,-4.0143901447839
86.577,7.9952838711224725,-1.6657719735870744,3.2701996692499624,-3.9961708556107474
86.827,7.9952838711224725,-1.6657719735870744,3.307518112283287,-3.978020452784775
87.077,7.9952838711224725,-1.6657719735870744,3.348258233685432,-3.9543227034223074
87.327,7.9952838711224725,-1.6657719735870744,3.382754473850819,-3.9321570831056585
87.577,7.9952838711224725,-1.6657719735870744,3.425188703685942,-3.9086446673384745
87.827,7.9952838711224725,-1.6657719735870744,3.463872814533262,-3.8908658604469504
88.077,7.9952838711224725,-1.6657719735870744,3.507453817398359,-3.872111064770011
88.327,7.9952838711224725,-1.6657719735870744,3.5441249744337964,-3.8531411395960657
88.577,7.9952838711224725,-1.6657719735870744,3.586205813261072,-3.829837248841241
88.827,7.9952838711224725,-1.6657719735870744,3.6247992390839596,-3.8119523506898165
89.077,7.9952838711224725,-1.6657719735870744,3.668324656327513,-3.793055496659806
89.327,7.9952838711224725,-1.6657719735870744,3.705117939388867,-3.773873222727295
89.577,7.9952838711224725,-1.6657719735870744,3.74525075975701,-3.75096845153797
89.827,7.9952838711224725,-1.6657719735870744,3.7836069216900694,-3.732122954889568
90.077,7.9952838711224725,-1.6657719735870744,3.8285187240457423,-3.7141296727360977
90.327,7.9952838711224725,-1.6657719735870744,3.8678654199939384,-3.6998763635207674
90.577,7.9952838711224725,-1.6657719735870744,3.9107570667808633,-3.6808115100505585
90.827,7.9952838711224725,-1.6657719735870744,3.947260157131904,-3.6611211703038684
91.077,7.9952838711224725,-1.6657719735870744,3.989507826444617,-3.636458304891559
91.327,7.9952838711224725,-1.6657719735870744,4.027693386181646,-3.617467913526672
91.577,7.9952838711224725,-1.6657719735870744,4.072675844909839,-3.599146676564971
91.827,7.9952838711224725,-1.6657719735870744,4.111736528976557,-3.5850180213417064
92.077,7.9952838711224725,-1.6657719735870744,4.154932402587146,-3.5659492443883756
92.327,7.9952838711224725,-1.6657719735870744,4.191366360796545,-3.5465119889036663
92.577,7.9952838711224725,-1.6657719735870744,4.233053221209223,-3.5227166460830706
92.827,7.9952838711224725,-1.6657719735870744,4.27140608861533,-3.5042992068807326
93.077,7.9952838711224725,-1.6657719735870744,4.314677728478035,-3.484853434952202
93.327,7.9952838711224725,-1.6657719735870744,4.351233594934015,-3.4651938873561776
93.577,7.9952838711224725,-1.6657719735870744,4.390770960442298,-3.441883197716281
93.827,7.9952838711224725,-1.6657719735870744,4.428866531548735,-3.422377023904234
94.077,7.9952838711224725,-1.6657719735870744,4.473422361223036,-3.40366884162336
94.327,7.9952838711224725,-1.6657719735870744,4.512507422289551,-3.3887723280665822
94.577,7.9952838711224725,-1.6657719735870744,4.555119088546475,-3.3689882784112304
94.827,7.9952838711224725,-1.6657719735870744,4.591276316112101,-3.3487157477338614
95.077,7.9952838711224725,-1.6657719735870744,4.6333504598841175,-3.323149448125272
95.327,7.9952838711224725,-1.6657719735870744,4.671119591056482,-3.303463996313127
95.577,7.9952838711224725,-1.6657719735870744,4.715831427353557,-3.2842538552565337
95.827,7.9952838711224725,-1.6657719735870744,4.754456885117329,-3.269644047444739
96.077,7.9952838711224725,-1.6657719735870744,4.797436972878432,-3.250058729514692
96.327,7.9952838711224725,-1.6657719735870744,4.833632279564415,-3.2301980657124214
96.577,7.9952838711224725,-1.6657719735870744,4.874901805910212,-3.205958039040545
96.827,7.9952838711224725,-1.6657719735870744,4.91305490200878,-3.187016895411355
97.077,7.9952838711224725,-1.6657719735870744,4.957992223260722,-3.1687561824303594
97.327,7.9952838711224725,-1.6657719735870744,4.997321169309178,-3.1543742517068116
97.577,7.9952838711224725,-1.6657719735870744,5.040107063839899,-3.1351473742427847
97.827,7.9952838711224725,-1.6657719735870744,5.076588859410103,-3.115313057751968
98.077,7.9952838711224725,-1.6657719735870744,5.1175184019986695,-3.091293628259789
98.327,7.9952838711224725,-1.6657719735870744,5.155729653330024,-3.072090432584775
98.577,7.9952838711224725,-1.6657719735870744,5.200498124826854,-3.0536530421723658
98.827,7.9952838711224725,-1.6657719735870744,5.239561455167112,-3.0391330501455878
99.077,7.9952838711224725,-1.6657719735870744,5.282553513444998,-3.0196273217215897
99.327,7.9952838711224725,-1.6657719735870744,5.318735164484636,-2.9997779877805497
99.577,7.9952838711224725,-1.6657719735870744,5.360447960874523,-2.9754500147137626
99.827,7.9952838711224725,-1.6657719735870744,5.398636458325713,-2.9567235898195747
100.077,7.9952838711224725,-1.6657719735870744,5.441761149543402,-2.9368446518119042
100.327,7.9952838711224725,-1.6657719735870744,5.477978273498397,-2.916932730255678
100.577,7.9952838711224725,-1.6657719735870744,5.51903942795183,-2.892714397614072
100.827,7.9952838711224725,-1.6657719735870744,5.557199610635578,-2.873640263409736
101.077,7.9952838711224725,-1.6657719735870744,5.602025123392825,-2.855284047777621
101.327,7.9952838711224725,-1.6657719735870744,5.641333683747557,-2.8407578654356076
101.577,7.9952838711224725,-1.6657719735870744,5.684046633661599,-2.8214028543877876
101.827,7.9952838711224725,-1.6657719735870744,5.72047030956464,-2.801438198991235
102.077,7.9952838711224725,-1.6657719735870744,5.761948618854497,-2.776950052208724
102.327,7.9952838711224725,-1.6657719735870744,5.8001389233519465,-2.7577607967127356
102.577,7.9952838711224725,-1.6657719735870744,5.8449551760598295,-2.7393036990816766
102.827,7.9952838711224725,-1.6657719735870744,5.883932833976659,-2.7248695456222283
103.077,7.9952838711224725,-1.6657719735870744,5.92698131126008,-2.7054269045947867
103.327,7.9952838711224725,-1.6657719735870744,5.963192174211948,-2.6856536975612175
103.578,7.9952838711224725,-1.6657719735870744,6.004961020387068,-2.661411613500083
103.827,7.9952838711224725,-1.6657719735870744,6.043143766854444,-2.6427741578581645
104.077,7.9952838711224725,-1.6657719735870744,6.086290184538609,-2.6229963282809945
104.327,7.9952838711224725,-1.6657719735870744,6.122619611689261,-2.603123577556763
104.577,7.9952838711224725,-1.6657719735870744,6.163362410132246,-2.579092732369565
104.827,7.9952838711224725,-1.6657719735870744,6.201567700839543,-2.5599250260670554
105.077,7.9952838711224725,-1.6657719735870744,6.2463150111042145,-2.541531127908888
105.327,7.9952838711224725,-1.6657719735870744,6.285586210198686,-2.5269407610151395
105.577,7.9952838711224725,-1.6657719735870744,6.3282954393504625,-2.5075284638726467
105.827,7.9952838711224725,-1.6657719735870744,6.364667027883371,-2.4875089779758714
106.077,7.9952838711224725,-1.6657719735870744,6.406548488371021,-2.462414084035218
106.327,7.9952838711224725,-1.6657719735870744,6.444537199970368,-2.44289244655981
106.577,7.9952838711224725,-1.6657719735870744,6.4892194631205475,-2.4240070299908973
106.827,7.9952838711224725,-1.6657719735870744,6.527938743497015,-2.4093563886478435
107.077,7.9952838711224725,-1.6657719735870744,6.570895139678668,-2.389643075299639
107.327,7.9952838711224725,-1.6657719735870744,6.6069685197129076,-2.3696740882453464
107.577,7.9952838711224725,-1.6657719735870744,6.648528349064935,-2.3452185744639946
107.827,7.9952838711224725,-1.6657719735870744,6.686600079207055,-2.326326013589887
108.077,7.9952838711224725,-1.6657719735870744,6.729576176671319,-2.3063069230865807
108.327,7.9952838711224725,-1.6657719735870744,6.765852439616392,-2.286172351161945
108.577,7.9952838711224725,-1.6657719735870744,6.805971744302463,-2.262020207873208
108.827,7.9952838711224725,-1.6657719735870744,6.844038050407391,-2.2423919731152804
109.077,7.9952838711224725,-1.6657719735870744,6.8885294452768715,-2.2235219503986907
109.327,7.9952838711224725,-1.6657719735870744,6.927609537776396,-2.208500305667066
109.577,7.9952838711224725,-1.6657719735870744,6.970131993942707,-2.1886166603569865
109.827,7.9952838711224725,-1.6657719735870744,7.006252857911471,-2.1682035555311794
110.077,7.9952838711224725,-1.6657719735870744,7.048036749910236,-2.142607681377222
110.327,7.9952838711224725,-1.6657719735870744,7.085808780455835,-2.1227258324093206
110.577,7.9952838711224725,-1.6657719735870744,7.130358312237546,-2.103380418888998
110.827,7.9952838711224725,-1.6657719735870744,7.168606847451316,-2.088672498984245
111.077,7.9952838711224725,-1.6657719735870744,7.211523077175017,-2.068852606354014
111.327,7.9952838711224725,-1.6657719735870744,7.247551546701225,-2.04880779123129
111.577,0.0,0.0,7.286902031718737,-2.0228062234567865
111.827,-13.212830455313185,-4.998399659769437,7.321502509493172,-1.9978772008755135
112.077,-13.212830455313185,-4.998399659769437,7.3605962292717075,-1.9708270550391551
112.327,-13.212830455313185,-4.998399659769437,7.392939169630794,-1.9448795381590136
112.577,-13.212830455313185,-4.998399659769437,7.427329951444419,-1.9128097869580305
112.827,-13.212830455313185,-4.998399659769437,7.4553456266044895,-1.8823843242538203
113.077,-13.212830455313185,-4.998399659769437,7.484706782353597,-1.845377353370828
113.327,-13.212830455313185,-4.998399659769437,7.50782266862904,-1.8112249351556509
113.577,-13.212830455313185,-4.998399659769437,7.531296773324239,-1.7702898849214133
113.827,-13.212830455313185,-4.998399659769437,7.549173051960155,-1.732978111733458
114.077,-13.212830455313185,-4.998399659769437,7.566282126353516,-1.6891134061406416
114.327,-13.212830455313185,-4.998399659769437,7.578417962273346,-1.649501014579848
114.577,-13.212830455313185,-4.998399659769437,7.58888059894287,-1.6035858541051569
114.827,-13.212830455313185,-4.998399659769437,7.594999453916242,-1.5627008186590796
115.077,-13.212830455313185,-4.998399659769437,7.598568773376942,-1.5155946228981438
115.327,-13.212830455313185,-4.998399659769437,7.598599220581667,-1.4743152055735962
115.577,-13.212830455313185,-4.998399659769437,7.595157806814638,-1.4272594037235538
115.827,-13.212830455313185,-4.998399659769437,7.589147458573707,-1.3863045323027992
116.077,-13.212830455313185,-4.998399659769437,7.578666054093055,-1.3404164412474366
116.327,-13.212830455313185,-4.998399659769437,7.566401562991383,-1.3007215691272882
116.577,-13.212830455313185,-4.998399659769437,7.5492227394288625,-1.2570408312479964
116.827,-13.212830455313185,-4.998399659769437,7.531146934194426,-1.219749606981352
117.077,6.831794422805896,0.07987708400651894,7.507494849829876,-1.178925980221878
117.327,6.7541041006760105,0.04584844053926307,7.484133161106013,-1.1449181277212652
117.577,6.680104142284511,-0.0007765167973230458,7.454606638767098,-1.108142564303163
117.827,6.559582620437527,-0.10730245763850377,7.426370095169379,-1.0778801107965712
118.077,6.501716580902203,-0.16022244966200738,7.391756545654385,-1.0460024693688674
118.327,6.444020673114238,-0.20989674299835825,7.3592126667822,-1.0202485655072286
118.577,6.3997736888237675,-0.2696745190198,7.320314200769293,-0.9938851082614432
118.827,6.323422374498122,-0.3867417834558744,7.284365076536114,-0.9733177268768021
119.077,6.286680707428642,-0.4439305809799538,7.241838636295503,-0.9529453772829023
119.327,6.248835013034279,-0.49564762467850904,7.203317002766808,-0.9379555388777348
119.577,6.207044844798493,-0.5493938478742626,7.158274295275078,-0.924151399374634
119.827,6.140352117064996,-0.657830896582666,7.117838264256883,-0.9149742207060797
120.077,6.104523780462541,-0.7129269526856954,7.071380050599323,-0.9079906658440875
120.327,6.06981593619366,-0.7670158565565881,7.029928733342397,-0.9048907302303427
120.577,5.994270580575861,-0.8380684469494952,6.982952619005289,-0.904819699263904
120.827,5.965172823070463,-0.9569583001462656,6.940549156278725,-0.9062398129236374
121.077,5.939419274110447,-0.9319263339857351,6.892154936420141,-0.9044645694626198
121.327,5.914033190940484,-0.8716598549988819,6.850485266374241,-0.9015150975542257
121.577,5.89045111365556,-0.8381232982128871,6.801860040499698,-0.8993185059036464
121.827,5.858891333800492,-0.8380502231534821,6.760295078871076,-0.8961910091422327
122.077,5.8356744417263435,-0.8571809714214791,6.713160707444221,-0.8959155020597785
122.327,5.805445154344413,-0.9108805591004092,6.672995819681142,-0.8975372563135825
122.577,5.783359711809197,-0.949250909831528,6.6255559362094125,-0.8991105347235768
122.827,5.7670793344966444,-0.982356703727448,6.584519702561473,-0.9033318430948589
123.077,5.7561578622657334,-1.0322552915584413,6.558284960263844,-0.907561323481123
123.327,5.756043829743661,-1.06936715721348,6.558275599384983,-0.9075676637936946
123.577,5.768838974315841,-1.0797449740013885,6.5583122385668835,-0.9075651380455455
123.827,5.79974221531783,-1.074519783687986,6.558344847543816,-0.9075627535162236
124.077,5.808520241754569,-1.0733273743535867,6.558382284270049,-0.9075598771170589
124.327,5.822057940137468,-1.0711052126375544,6.558415519354493,-0.9075572071600913
124.577,5.838901623709293,-1.0681209161144944,6.558453631594882,-0.9075540156934692
124.827,5.870831545775545,-1.0624880419281213,6.558487447337037,-0.9075510705949807
125.077,5.884969896341158,-1.0600214887662287,6.558526213670309,-0.9075475653807791
125.327,5.903213930242386,-1.0566297433058751,6.55856060299191,-0.9075443422048756
125.577,5.919824203848998,-1.0535734681119693,6.5586000180521244,-0.9075405221975965
125.827,5.954136815488814,-1.0471683166195076,6.558634898907101,-0.9075370559233552
126.077,5.970049278595196,-1.0441971506232777,6.558674798019776,-0.9075329871170085
126.327,5.988347883574448,-1.040694350518737,6.558710125739396,-0.9075292893841796
126.577,6.008303472222488,-1.0367267861223588,6.558750549713844,-0.9075249414143288
126.827,6.042870866308007,-1.0299960704325115,6.558786345829303,-0.9075209856841709
127.077,6.059426755509713,-1.0267791090817278,6.55882730669718,-0.907516338851178
127.327,6.066227280120707,-1.025834309321618,6.558863578252989,-0.9075121169225933
127.577,6.066068921397814,-1.0265267384893513,6.5589050822488275,-0.9075071628966663
127.827,6.065271687397905,-1.0280599587498944,6.558941833560421,-0.9075026668749002
128.077,6.065069123694082,-1.028796928088316,6.558983883665248,-0.9074973974956794
128.327,6.0650556724669045,-1.0294897875559368,6.559021115737727,-0.9074926208849098
128.577,6.068925716966689,-1.0291930439966208,6.559063712167302,-0.9074870291920673
128.827,6.0674258148392255,-1.0309174433326724,6.5591014239765455,-0.9074819663058784
129.077,6.064934440539963,-1.0322391758891496,6.559144564949095,-0.9074760460671297
129.327,6.066911326180587,-1.0324088828671738,6.559182753893966,-0.9074706919256708
129.577,6.068110227991478,-1.032773079193444,6.559226435394968,-0.9074644378291634
129.827,6.067341878362113,-1.0343645585583046,6.55926509795857,-0.9074587876983365
130.077,6.067150798298254,-1.0351152150659548,6.559309314181559,-0.9074521951886234
130.327,6.06810382826111,-1.0355431765691,6.559348444620965,-0.9074462453028453
130.577,6.067964742620832,-1.0362560550344635,6.559393189454845,-0.9074393097513104
130.827,6.067538765283647,-1.0377783815963826,6.559432780801869,-0.90743305679708
131.077,6.070261219356502,-1.0377348930015484,6.559478045193262,-0.9074257750638781
131.327,6.069980826577942,-1.0384896328510846,6.559518090120039,-0.9074192157178687
131.577,6.068321683866509,-1.0396441552455022,6.559563864936389,-0.907411584406773
131.827,6.071424282283172,-1.0401963260167204,6.559604353399176,-0.9074047169025109
132.077,6.07061511198119,-1.0411275638425563,6.559650627166921,-0.907396733742145
132.327,6.069196466060927,-1.0422034562663893,6.55969155010314,-0.907389555355325
132.577,6.0679043093620955,-1.0432762928599528,6.559738310889448,-0.9073812183640337
132.827,6.069964880299583,-1.0441114226632822,6.559779655404243,-0.9073737286267135
133.077,6.069960052956475,-1.044804237851094,6.559826888741839,-0.907365036812256
133.327,6.070038495453506,-1.045501900370879,6.559868643357792,-0.9073572340856101
133.577,6.070424678914126,-1.0461129476463005,6.5599163347609,-0.9073481865999777
133.827,6.0687847757939855,-1.0479700166442134,6.559958484355725,-0.9073400714593504
134.077,6.071139440072107,-1.0480178599260979,6.560006615952471,-0.9073306691132291
134.327,6.073290401683738,-1.0481189373317514,6.560049145862289,-0.9073222415874023
134.577,6.070827609710786,-1.0495557298814666,6.56009770120084,-0.9073124843725571
134.827,6.0714723245653435,-1.0507621174803567,6.560140595051195,-0.907303745596318
135.077,6.07047131671167,-1.0517834401468513,6.560189543152779,-0.9072936381465706
135.327,6.070959235516172,-1.0523672208862425,6.560232460807508,-0.9072846662370019
135.577,6.0704467125641335,-1.0532209614513857,6.560280765099869,-0.9072744578801557
135.827,6.071943934522434,-1.0542043411072766,6.560322648744411,-0.9072655037225661
136.077,6.071204243779769,-1.055161169760621,6.560369850430021,-0.9072552374775743
136.327,6.0709398025724255,-1.0559509129581857,6.560411163164515,-0.9072460788498237
136.577,6.069613330069503,-1.0570666795194958,6.560457895841411,-0.9072355245158878
136.827,6.073839720450193,-1.0572467788335782,6.560498799575595,-0.9072261152839229
137.077,6.075238964515394,-1.0575241879989152,6.560545024217589,-0.9072152826382885
137.327,6.073165993204912,-1.0589068072659769,6.56058533420795,-0.9072056737747708
137.577,6.073370162005453,-1.0595572117855294,6.560630662373999,-0.907194696784799
137.827,6.075957209638627,-1.060223381040339,6.560670102350412,-0.907184994393922
138.077,6.074947839969503,-1.0612553832805034,6.560714434312827,-0.907173912658481
138.327,6.073711048024382,-1.0623634552915586,6.560752991066371,-0.9071641183528018
138.577,6.074427468162522,-1.062877473493062,6.560796305962095,-0.9071529394869968
138.827,6.075132454767531,-1.0641073480397463,6.5608339227813985,-0.9071430804506935
139.077,6.076054535310176,-1.0645230852267649,6.560876126778368,-0.9071318479162802
139.327,6.077274374590347,-1.064866556902928,6.560912763656274,-0.907121945095887
139.577,6.076416180714542,-1.0658873040469978,6.56095384654819,-0.9071106640760708
139.827,6.07802150318645,-1.0668105738294045,6.560989491932396,-0.9071007204820232
140.077,6.075419152406663,-1.0683867178907884,6.5610294508356155,-0.9070893961831854
140.327,6.0774502611040635,-1.0684522720035101,6.561064108426589,-0.9070794195836019
140.577,6.076385147755409,-1.0695495600386895,6.561102933470717,-0.9070680759378017
140.827,6.0775449884020665,-1.070585181113007,6.561136581057348,-0.9070580968735453
141.077,6.077868189731294,-1.0712149591424696,6.561174263678609,-0.9070467540216601
141.327,6.07629827491092,-1.0724894484580658,6.561206914159586,-0.9070367769804549
141.577,6.075818621732699,-1.0733669950040672,6.561243454560169,-0.9070254394420648
141.827,6.077622402105382,-1.074197378268825,6.5612750955623875,-0.9070154709895254
142.077,6.077438764848893,-1.0749989109425144,6.561310494225561,-0.9070041468036755
142.327,6.08031672260842,-1.0747056154717842,6.561341128638046,-0.9069941951993921
142.577,6.079797080181747,-1.0756204877677895,6.561375356717448,-0.9069829060152147
142.827,6.082264351086051,-1.0761872570637416,6.56140494118423,-0.9069729992271012
143.077,6.0814242849072215,-1.0772135914655365,6.561437975664894,-0.9069617667796404
143.327,6.080902663154119,-1.0781009089657065,6.561466514532612,-0.9069519124960536
143.577,6.080628311111516,-1.0789006236419871,6.561498366229126,-0.9069407425819757
143.827,6.079446639886182,-1.0800539516651615,6.561525860583729,-0.9069309469112985
144.077,6.082185837616658,-1.0804939716383122,6.561556517707208,-0.9069198489430532
144.327,6.079993326195737,-1.0820159950067931,6.5615829646763215,-0.9069101201218832
144.577,6.077184907774825,-1.0837409757638194,6.561612438144869,-0.9068991010064142
144.827,6.083167215052097,-1.083000867008042,6.561637848071527,-0.9068894446012977
145.077,6.081967222314712,-1.0841375110574833,6.561666132406859,-0.906878518734026
145.327,6.081640448916406,-1.0849528879627348,6.561690498971363,-0.9068689606610367
145.577,6.082424549205507,-1.085382492562459,6.5617176471274306,-0.9068581646379026
145.827,6.081756429525294,-1.0863519324898956,6.561741046683571,-0.9068487308663359
146.077,6.084025005213819,-1.0869078146048432,6.561767068212048,-0.906838065494764
146.327,6.081506467962342,-1.088547477288185,6.561789461601318,-0.9068287179058354
146.577,6.082339610252106,-1.088948954007043,6.561814433412137,-0.9068181634164417
146.827,6.084113603237521,-1.089673951417671,6.561835912661167,-0.9068089929642617
147.077,6.085207147532964,-1.0899373454695298,6.561859700261721,-0.9067987362989595
147.327,6.083428580311063,-1.0913318314183782,6.5618800788767615,-0.9067898680666664
147.577,6.083355353829112,-1.0920699538751653,6.56190260371363,-0.9067799693062161
147.827,6.084743370422103,-1.092210709075648,6.561921881001964,-0.906771415886884
148.077,6.083492443064361,-1.0940806865941628,6.56194319071232,-0.9067618706301712
148.327,6.083829181834982,-1.0946514864251764,6.561961393817512,-0.9067536381934188
148.577,6.085674499351397,-1.0946245752447787,6.561981465956067,-0.9067444705781295
148.827,6.086126439004175,-1.0957805771413973,6.5619985787826325,-0.906736573724113
149.077,6.086372228613122,-1.0963748225518752,6.562017418999979,-0.9067277900664225
149.327,6.086785355237335,-1.0968995410714308,6.562033459136215,-0.9067202325961867
149.577,6.086360149384842,-1.0977580411073862,6.562051102059012,-0.9067118316909166
149.827,6.088348133040498,-1.0976152066098328,6.562066125076424,-0.9067046027981258
150.077,6.083629034544903,-1.1008644453382832,6.562082645096888,-0.9066965682457075
150.327,6.085648622260122,-1.1007265016184535,6.562096692673422,-0.9066896608296948
150.577,6.08726170341351,-1.100718797287385,6.562112117285151,-0.9066819886791029
150.827,6.08688946965974,-1.1021930998536633,6.562125214986888,-0.9066753984449519
151.077,6.089401116625835,-1.1018282384231268,6.562139574694861,-0.906668087723955
151.327,6.086851555825067,-1.1035507641206836,6.562151754327987,-0.9066618133022881
151.577,6.08963628609208,-1.1030331755806375,6.562165105938286,-0.9066548532856525
151.827,6.090055842875877,-1.103520197035182,6.5621764241779585,-0.9066488814949576
152.077,6.0885063951152,-1.1054594351551619,6.562188811756186,-0.9066422641346239
152.327,6.08991483181347,-1.1055234223595125,6.562199293731676,-0.9066365924790284
152.577,6.091454026098333,-1.105497935622221,6.562210736456936,-0.90663031691139
152.827,6.089367083218015,-1.1076527425566842,6.562220391057628,-0.9066249484923891
153.077,6.088128433485915,-1.1088282583657991,6.562230906383858,-0.9066190177752923
153.327,6.09110554537208,-1.108201055883658,6.562239757819911,-0.906613951476019
153.577,6.090599461080671,-1.109058712890897,6.562249373976666,-0.9066083629506467
153.827,6.0916150555573925,-1.109867675978314,6.562257448243884,-0.9066035957369157
154.077,6.0889985092982535,-1.1116056245958505,6.562266207485184,-0.9065983408417542
154.327,6.088638223733868,-1.1123962661714248,6.562273559924313,-0.9065938568056175
154.577,6.093034160232969,-1.111112586727344,6.562281527822635,-0.9065889143898672
154.827,6.092952183099081,-1.1123663042023832,6.562288201372305,-0.9065847010762283
155.077,6.09341610059184,-1.1127531566255862,6.562295414121078,-0.9065800611770926
155.327,6.090878330496556,-1.11448863498086,6.562301438358458,-0.9065761100553271
155.577,6.093427737270307,-1.1139782255497321,6.562307929344295,-0.9065717656614567
155.827,6.094472620207545,-1.1147060926478871,6.562313331317586,-0.9065680721338298
156.077,6.0921007771665,-1.1163410887164553,6.562319129351118,-0.9065640176996312
156.327,6.094571539221349,-1.1158416119663979,6.562323934496495,-0.9065605765885324
156.577,6.093523075676655,-1.1169125437524268,6.562329068721812,-0.9065568058338354
156.827,6.094618332695575,-1.1170190409252232,6.562333308283305,-0.9065536097740546
157.077,6.09362551155353,-1.1186290222244126,6.562337827562902,-0.9065501094000139
157.327,6.095302144225168,-1.1184314324111697,6.562341547903859,-0.9065471443626173
157.577,6.0955091076721315,-1.118924529099927,6.562345493926281,-0.9065439020553059
157.827,6.095016442762234,-1.1197336549915091,6.562348721935805,-0.9065411612187393
158.077,6.096506220859405,-1.12018481416919,6.562352121395468,-0.9065381702597798
158.327,6.095277463147626,-1.1213253760764434,6.562354877893223,-0.9065356477703058
158.577,6.093194750808685,-1.1228313099215412,6.5623577479826505,-0.9065329047433615
158.827,6.098150364490131,-1.121681571601362,6.56236004960127,-0.9065305979281311
159.077,6.097116922886334,-1.1227251753928402,6.562362425394028,-0.9065280917141836
159.327,6.097722930652374,-1.1229760437914065,6.562364312377748,-0.906525985995649
159.577,6.097769812680377,-1.1235129292163062,6.562366233798686,-0.9065237027043549
159.827,6.096730594255497,-1.1250821879874304,6.562367734086883,-0.9065217890014337
160.077,6.097076684396628,-1.1254716230697666,6.562369233642879,-0.9065197184838868
160.327,6.097011617756058,-1.1260515592954463,6.562370383533695,-0.9065179852098358
160.577,6.098835817218399,-1.1257067603131676,6.562371506164045,-0.9065161123659312
160.827,6.098991109406297,-1.126685923421906,6.562372338788493,-0.9065145480626113
161.077,6.099432004063985,-1.1270124522058143,6.562373115562501,-0.9065128623705232
161.327,6.098121090198333,-1.1281716566384143,6.5623736546200835,-0.906511459290288
161.577,6.098056331958193,-1.128734909197599,6.562374108522198,-0.9065099513977191
161.827,6.101334395965267,-1.1281868923328493,6.562374374399188,-0.9065086920777856
162.077,6.099732290539196,-1.1294798435478448,6.562374535005682,-0.9065073364759177
162.327,6.100290008162391,-1.1297015022303158,6.562374554145618,-0.9065062111704129
162.577,6.0991495635624196,-1.1307706922793328,6.5623744408230245,-0.9065050075595409
162.827,6.1003114936560205,-1.131235312303394,6.5623742259692435,-0.9065040124115402
163.077,6.102100165780912,-1.1308440311150485,6.56237385917203,-0.906502944665389
163.327,6.100889851166926,-1.1319404732317853,6.562373433105552,-0.9065020630361611
163.577,6.101966047710674,-1.1319178303213309,6.562372834341303,-0.9065011246681317
163.827,6.100239932629858,-1.1337370920019796,6.562372215862156,-0.9065003515666141
164.077,6.1012717004504395,-1.13372654084279,6.56237141969729,-0.9064995277918433
164.327,6.10257370866171,-1.1335778439306872,6.562370642284259,-0.9064988496649569
164.577,6.103688827505846,-1.1334874750546409,6.562369678052306,-0.906498128966941
164.827,6.10277311859967,-1.134914686750969,6.5623687637987285,-0.9064975344853579
165.077,6.102774824777992,-1.1353678777335032,6.562367655708246,-0.9064969026412026
165.327,6.104309464513234,-1.1350828514586007,6.562366646046706,-0.9064963988908304
165.577,6.102733667526579,-1.1363478088767107,6.562365662340771,-0.9064958179481173
165.827,6.102223157800149,-1.137079837717954,6.562364973671941,-0.9064952533741021
166.077,6.102082331159072,-1.1380694831393814,6.562364387109948,-0.9064945501175199
166.327,6.102209834188503,-1.1384762310576466,6.562364029078414,-0.9064938824749676
166.577,6.102450914357098,-1.1387940503262086,6.562363806470299,-0.9064930666455988
166.827,6.104218741769967,-1.1388295138291609,6.562363775711114,-0.9064922969375384
167.077,6.103159519494111,-1.1398288921643656,6.5623639284016395,-0.906491362201742
167.327,6.104670817863951,-1.1394903673624817,6.56236422878732,-0.9064904888585668
167.577,6.10462893183484,-1.139968631281251,6.562364761332932,-0.9064894451674411
167.827,6.105408746923914,-1.1400251110650985,6.562365389454529,-0.9064884865961521
168.077,6.103764307491068,-1.1417425334785967,6.562366290128893,-0.9064873506228337
168.327,6.106836084311973,-1.1406138843308278,6.562367248664297,-0.9064863083035446
168.577,6.1047110918703655,-1.1421533577545364,6.562368526282478,-0.9064850741768241
168.827,6.107602443505579,-1.141518524283784,6.562369815323946,-0.9064839446902233
169.077,6.106919922958199,-1.1423106065402382,6.562371468060391,-0.9064826092624514
169.327,6.106074118791398,-1.1431867621976317,6.562373083955083,-0.9064813885930381
169.577,6.106297628315484,-1.143477449794509,6.5623751038947615,-0.9064799499660325
169.827,6.105943563063931,-1.1445287706593448,6.5623770407050594,-0.9064786393193878
170.077,6.104973363689902,-1.145466447208167,6.562379423104249,-0.9064770968644031
170.327,6.108011141566221,-1.144306180737459,6.562381681970649,-0.9064756919561833
170.577,6.106946484542396,-1.1452600132759112,6.5623844218089715,-0.9064740448625752
170.827,6.108925167411688,-1.1450656242788988,6.562386979683603,-0.906472553362914
171.077,6.110367484617037,-1.144724069592711,6.5623900554952375,-0.906470808981694
171.327,6.106457002620166,-1.1471745981744383,6.562392914532321,-0.9064692278831105
171.577,6.107700878486076,-1.1469339823915645,6.56239633857416,-0.9064673769418101
171.827,6.109281777144537,-1.1469217528798499,6.562399502453426,-0.9064657016211248
172.077,6.106566629723721,-1.1487742568991417,6.562403269725118,-0.9064637439456317
172.327,6.11008435526941,-1.1472814675908294,6.562406725980032,-0.9064619770269007
172.577,6.109394368813591,-1.1480543151865101,6.56241081355406,-0.9064599175156718
172.827,6.108578953321993,-1.1492664457834894,6.562414554664465,-0.9064580598890928
173.077,6.108629063413931,-1.1496404079812317,6.562418973581904,-0.906455894664785
173.327,6.108441993888581,-1.150139807985445,6.562423005108952,-0.9064539432133557
173.577,6.111153397563333,-1.1490793626808584,6.562427749036539,-0.9064516728723343
173.827,6.11132252920395,-1.1497726111971522,6.562432061400626,-0.9064496306448165
174.077,6.110265946884425,-1.1507031583303575,6.562437119934668,-0.9064472582661809
174.327,6.112226470659801,-1.1500310192983436,6.5624417054240505,-0.9064451272342147
174.577,6.112917939679528,-1.1500414236571,6.562447069924451,-0.9064426554630909
174.827,6.1102351631203415,-1.152233497033602,6.562451920862088,-0.9064404381190821
175.077,6.1113389359140395,-1.1520140759046102,6.562457580687171,-0.9064378688658614
175.327,6.110805188994369,-1.1526838591330912,6.56246269074056,-0.9064355659277299
175.577,6.1123149104892684,-1.1522369279303861,6.562468646932661,-0.9064328987667046
175.827,6.113117878605319,-1.152172295843618,6.562474013663431,-0.9064305100185408
176.077,6.111355918593336,-1.1538510152267971,6.562480255596833,-0.9064277474755195
176.327,6.113277926575009,-1.153165357959373,6.562485865656326,-0.906425277065492
176.577,6.112996997697268,-1.1536866227312332,6.5624923703043025,-0.906422426152186
176.827,6.113560359636975,-1.1540743940528153,6.562498200993436,-0.906419881226158
177.077,6.112817787719505,-1.1548458716208847,6.562504947611242,-0.9064169476066625
177.327,6.113815385292079,-1.154654106000874,6.562510984498068,-0.9064143327038973
177.577,6.112913526815152,-1.1555113587840395,6.5625179595935474,-0.9064113226293552
177.827,6.1128535593063065,-1.1559012536017266,6.5625241878694425,-0.9064086448735096
178.077,6.112905673335233,-1.156549905160317,6.562531365612358,-0.9064055697658503
178.327,6.1133771329187745,-1.1566385949554283,6.562537770427001,-0.9064028369975645
178.577,6.114491128429685,-1.1563662551721479,6.562545152806457,-0.9063996981621272
178.827,6.113586110615463,-1.1575334409779414,6.562551733502032,-0.9063969096904302
179.077,6.112095920971578,-1.158711797060073,6.562559308011508,-0.906393711073716
179.327,6.112932689038253,-1.1585855341989966,6.562566050333495,-0.9063908734834272
179.577,6.11465943015458,-1.1579563081353659,6.562573803039575,-0.9063876213006704
179.827,6.117166604334464,-1.157187360665563,6.5625806988379365,-0.9063847379063967
180.077,6.1146129293618685,-1.1589592532629545,6.562588619972199,-0.9063814363315393
180.327,6.116235573702568,-1.1583754326041857,6.562595657371304,-0.9063785123782777
180.577,6.116997995285173,-1.1582736597873116,6.562603732048443,-0.906375168071474
180.827,6.115737084932968,-1.1596097665533556,6.562610896967459,-0.906372209165711
181.077,6.115233942298276,-1.1602194854757584,6.5626191070179845,-0.9063688278204725
181.327,6.116954581729331,-1.1595648273268462,6.562626383776833,-0.9063658391871381
181.577,6.116198178181173,-1.1603149100937058,6.5626347129835105,-0.9063624278037414
181.827,6.116824114352143,-1.1605928010769955,6.5626420855100935,-0.9063594157868121
182.077,6.11866163841313,-1.159828223691192,6.562650517244974,-0.9063559816532062
182.327,6.117797111806399,-1.1606339613515635,6.562657973310589,-0.9063529540556675
182.577,6.116633369445156,-1.1616102978176135,6.562666482451034,-0.9063495101401136
182.827,6.117898785972507,-1.161500632049539,6.562673993505309,-0.9063464799631096
183.077,6.116451299320117,-1.16260660183946,6.562682556232096,-0.9063430378094899
183.327,6.117768392425156,-1.1621533610217292,6.562690102673099,-0.9063400162780737
183.577,6.116538636558589,-1.163162475100794,6.562698690785568,-0.9063365923269562
183.827,6.11899943399523,-1.1623405412760266,6.562706251521865,-0.9063335909302132
184.077,6.116541364240113,-1.1640551996389839,6.562714852778538,-0.9063301920702973
184.327,6.118049889272939,-1.163477442748864,6.5627224222098555,-0.9063272146694195
184.577,6.118408937621082,-1.1635612003097306,6.562731025883297,-0.9063238465863374
184.827,6.118373490686469,-1.1641279779838802,6.562738589493229,-0.9063209004325958
185.077,6.118242721578424,-1.1644895977481633,6.5627471768361945,-0.9063175729817902
185.327,6.118651927569149,-1.1645356022605224,6.562754717033528,-0.9063146665838027
185.577,6.118643480929059,-1.1647919059437664,6.562763266756346,-0.9063113887327235
185.827,6.11910288605497,-1.1650808081461597,6.562770765518365,-0.9063085299454222
186.077,6.11830792196996,-1.1658205258384893,6.562779259287841,-0.9063053110649611
186.327,6.119984642973172,-1.1651146998470399,6.562786691264341,-0.9063025140052143
186.577,6.121113604420556,-1.1647252330575841,6.562795089805415,-0.9062993764784025
186.827,6.1199338236638114,-1.1656847347733976,6.562802430435853,-0.9062966556058936
187.077,6.121170509053156,-1.1654902701388725,6.5628107181580555,-0.9062936082160136
187.327,6.1203455150096895,-1.1662070509523086,6.562817957594269,-0.9062909679862765
187.577,6.120530243043795,-1.166359185395848,6.562826123889318,-0.9062880162181771
187.827,6.120735474246123,-1.1667528090889132,6.562833250340833,-0.9062854642225273
188.077,6.1220339440190745,-1.166241527793952,6.56284128206497,-0.9062826159610566
188.327,6.120962832824661,-1.1670953102062547,6.562848283087577,-0.9062801588453594
188.577,6.120942539173985,-1.1673575885168619,6.562856163795227,-0.9062774233593189
188.827,6.120254667789885,-1.168258510857493,6.562863024523673,-0.9062750697689986
189.077,6.120347081379284,-1.1684483206097693,6.562870724165851,-0.9062724647395178
189.327,6.120656975026521,-1.1685070731192075,6.56287740328371,-0.9062702391879922
189.577,6.120846235174929,-1.1686348278353762,6.562884883203842,-0.9062677873336262
189.827,6.120640706091681,-1.169229786131397,6.562891353051966,-0.906265705613734
190.077,6.120703283715644,-1.1694261036631435,6.562898581562712,-0.9062634261621206
190.327,6.120527967054174,-1.1697314486910906,6.562904827523987,-0.9062614980711193
190.577,6.122696569908486,-1.1686679013997368,6.562911794371982,-0.9062593957636975
190.827,6.122641459684149,-1.16892671442683,6.562917802369871,-0.9062576268161824
191.077,6.123863301823322,-1.1686406025448237,6.562924488755564,-0.906255710711269
191.327,6.12322324146367,-1.1692420759629396,6.562930242425728,-0.9062541103309556
191.577,6.123472219651379,-1.1692792480319505,6.562936633968101,-0.9062523895730566
191.827,6.122486678789588,-1.170295461793935,6.562942122011555,-0.9062509647480536
192.077,6.122445702732554,-1.170530241955866,6.562948187044951,-0.9062494582837197
192.327,6.121983517097166,-1.1710157486396837,6.562953365938814,-0.9062482351756166
192.577,6.122620104217328,-1.170838955322426,6.562959072169877,-0.9062469627185795
192.827,6.122511221845119,-1.1711076304791448,6.56296392965143,-0.9062459488647299
193.077,6.122852234540851,-1.1713004495318318,6.562969250968559,-0.906244925839998
193.327,6.1225612169402375,-1.1716717710441615,6.56297375403567,-0.9062441410932135
193.577,6.123627439159259,-1.1712222040281148,6.562978668341874,-0.9062433815122817
193.827,6.124958814487655,-1.1707655753424044,6.562982810495537,-0.9062428304441491
194.077,6.123373719414532,-1.1719086564744148,6.562987306896125,-0.9062423409744117
194.327,6.12681216745657,-1.1700128462987283,6.562991056025811,-0.9062420428885127
194.577,6.126720224384837,-1.1702479761619893,6.562995079127564,-0.9062418572702399
194.827,6.125380268383735,-1.171410506855148,6.56299840684558,-0.9062418298072966
195.077,6.125291427909701,-1.1716368218863515,6.56300194923506,-0.9062419530600835
195.327,6.125151810715235,-1.1718611227998632,6.563004852634378,-0.9062421982388071
195.577,6.1232473971943495,-1.173184612769259,6.563007910424069,-0.9062426329491566
195.827,6.1248189896119145,-1.1723958185575543,6.563010387651986,-0.9062431520204757
196.077,6.124502413150288,-1.1729098912970082,6.563012944188003,-0.9062439079659179
196.327,6.126381950193145,-1.1719239648658408,6.563014945033706,-0.9062447316641181
196.577,6.124517208504372,-1.173213506023636,6.563016935518676,-0.9062458496177309
196.827,6.124683792169122,-1.1732643322622898,6.563018435484285,-0.9062469931679825
197.077,6.125682796990796,-1.1729501335284191,6.563019855082703,-0.9062484746711266
197.328,6.123536941751133,-1.1744032385134813,6.563020850294148,-0.9062499393193987
197.577,6.124478988917424,-1.173969789418957,6.5630216894668,-0.9062517904768833
197.827,6.1256207866090016,-1.173545759269033,6.563022173011071,-0.9062535823305657
198.077,6.12681348754163,-1.172949482992196,6.563022430790514,-0.9062558063421932
198.327,6.126195851596449,-1.173457333963074,6.563022382029367,-0.9062579391633938
198.577,6.127207790741316,-1.172934922620553,6.563021995125272,-0.9062605749687797
198.827,6.1256307930855876,-1.174145439398208,6.56302136854312,-0.9062630745076008
199.077,6.127212725771633,-1.1732950802491944,6.563020343784849,-0.9062661112526488
199.327,6.127551125383924,-1.173203539416753,6.563019169813831,-0.9062689552551692
199.577,6.1259391149264175,-1.1743050202533483,6.563017524274385,-0.9062723850038124
199.827,6.125813255149894,-1.1745998169632181,6.563015803796268,-0.9062755752011046
200.077,6.125540543445947,-1.1748724583887369,6.563013535050938,-0.906279399869238
200.327,6.126729023116115,-1.1742452015628984,6.563011261788517,-0.9062829400167638
200.577,6.127731500611931,-1.17372884993725,6.563008373046304,-0.9062871552566872
200.827,6.124367142163381,-1.1759565727130743,6.56300556128996,-0.9062910333529067
201.077,6.1273509583368835,-1.1742137848840712,6.563001987959496,-0.906295675585242
201.327,6.126491148938814,-1.1748317880691777,6.56299911117786,-0.9062998541323338
201.577,6.127653575577973,-1.1742018959749643,6.562996820455478,-0.9063044759739861
201.827,6.126516202286031,-1.174980389779268,6.5629954319187975,-0.9063084451163751
202.077,6.126067403348858,-1.1753976250275564,6.562994661630366,-0.9063127566092981
202.327,6.125784725089666,-1.1756392575572396,6.562994303069501,-0.9063165619733159
202.577,6.127002515024735,-1.1749526411083113,6.562994018005436,-0.906321026521436
202.827,6.126949861894641,-1.1750453726214651,6.5629939105233985,-0.9063250360192786
203.077,6.1272117355692615,-1.1749891900585478,6.5629941975487025,-0.9063295451607438
203.327,6.126370449213124,-1.1755572193028303,6.562994821688157,-0.9063334622450537
203.577,6.127788702618062,-1.1747289499795308,6.562995965862158,-0.9063378002143546
203.827,6.127032250780772,-1.1752795806159175,6.562997375669223,-0.906341477989516
204.077,6.12534933234104,-1.1763591504896929,6.562999334946604,-0.9063455272789129
204.327,6.126086204368438,-1.1759452519118048,6.563001320241807,-0.9063489869668763
204.577,6.127027134309216,-1.175404211391178,6.563003891042659,-0.9063527985839928
204.827,6.127746110946515,-1.1750350048125457,6.563006426294337,-0.9063560479092926
205.077,6.125941782817512,-1.176185951692077,6.5630094043489136,-0.906359688517475
205.327,6.127871391412753,-1.175031425356265,6.56301201016832,-0.9063628740708535
205.577,6.127078675613314,-1.1755572115259858,6.563014956164787,-0.9063664755013385
205.827,6.128202255149606,-1.17493335730049,6.563017533635467,-0.9063696264359153
206.077,6.1262818456934065,-1.1761554446717293,6.563020447662108,-0.9063731888345699
206.327,6.127341863614127,-1.1755366513525745,6.5630229972366285,-0.9063763057170156
206.577,6.128374631667619,-1.174934065300739,6.563025879551682,-0.9063798294168023
206.827,6.128255887573579,-1.175075911520383,6.563028401252101,-0.9063829122946598
207.077,6.129433734834381,-1.1743829163037764,6.563031252177009,-0.9063863977102359
207.327,6.1262607967321365,-1.1763793990702143,6.5630337464976645,-0.9063894472030208
207.577,6.126662766652918,-1.1761657437495556,6.563036566548516,-0.9063928949818869
207.827,6.126371884316144,-1.1764128566271483,6.563039034056337,-0.906395911795737
208.077,6.127373550313985,-1.1758277967005244,6.563041823995483,-0.9063993228809498
208.327,6.12864701545157,-1.1750746506896217,6.5630442651750505,-0.9064023076181594
208.577,6.12862113092781,-1.1751246206105856,6.563047025388851,-0.9064056824972262
208.827,6.128412558352996,-1.175319234225876,6.563049440627756,-0.9064086356455472
209.077,6.127542654444594,-1.175891065957103,6.56305217158918,-0.9064119749111791
209.327,6.127318655759881,-1.1760634582916032,6.563054561299333,-0.9064148969865767
209.577,6.130118135518929,-1.1743641623489054,6.563057263471352,-0.9064182012185386
209.827,6.127031777163845,-1.1763387751275112,6.563059628083706,-0.9064210927573556
210.077,6.127681066542825,-1.175969743093661,6.563062302011313,-0.9064243626189364
210.327,6.129585029891359,-1.1748239145313064,6.563064641991263,-0.906427224175793
210.577,6.130071043181481,-1.1745554619071772,6.56306728812744,-0.9064304602115864
210.827,6.128663001971032,-1.1754902781671217,6.563069603848338,-0.9064332922472295
211.077,6.128365213209641,-1.175706916417156,6.563072222623182,-0.9064364949938551
211.327,6.128074581695239,-1.175919316069794,6.563074514462594,-0.9064392979807301
211.577,6.130104729813206,-1.1746934434761704,6.563077106302424,-0.9064424679719328
211.827,6.127845215886044,-1.176155098842718,6.563079374628966,-0.9064452423716443
212.077,6.127696960014389,-1.1762785618930587,6.563081939948128,-0.9064483801262049
212.327,6.12827973130598,-1.1759490891849185,6.563084185133261,-0.9064511264026902
212.577,6.128116992030787,-1.1760812635584295,6.56308672435366,-0.9064542324459466
212.827,6.128869186834551,-1.1756753515924416,6.563088946756477,-0.9064569510466141
