time, goal_x, goal_y, x, y 
6.584,4.139379515207722,-1.3475401601076582,0.5598943409901014,0.12991876968420404
6.584,4.139379515207722,-1.3475401601076582,0.5598943409901014,0.12991876968420404
6.834,4.139379515207722,-1.3475401601076582,0.5535919554609636,0.1435499794923089
7.084,4.139379515207722,-1.3475401601076582,0.5327785309174432,0.18743828231403753
7.334,4.139379515207722,-1.3475401601076582,0.5120565220829675,0.23518404082149405
7.584,4.139379515207722,-1.3475401601076582,0.4926167387750544,0.29095300229592314
7.834,4.139379515207722,-1.3475401601076582,0.4792341329875695,0.34127042814601843
8.084,4.139379515207722,-1.3475401601076582,0.46827541141573187,0.3994112402106505
8.334,4.139379515207722,-1.3475401601076582,0.4625175308691356,0.4510762033572659
8.584,4.139379515207722,-1.3475401601076582,0.4603224912070863,0.5103089740711384
8.834,4.139379515207722,-1.3475401601076582,0.4622759337990337,0.5622060876030275
9.084,4.139379515207722,-1.3475401601076582,0.4688819382429078,0.6211183795144397
9.334,4.139379515207722,-1.3475401601076582,0.4786064154260683,0.6721095338948051
9.584,4.139379515207722,-1.3475401601076582,0.4940837824576596,0.729301435492768
9.834,4.139379515207722,-1.3475401601076582,0.5114305777370468,0.7782499563874584
10.084,4.139379515207722,-1.3475401601076582,0.5353568099580747,0.8323878820923954
10.334,4.139379515207722,-1.3475401601076582,0.5599081921068079,0.8781999603541529
10.584,4.139379515207722,-1.3475401601076582,0.5917064027205959,0.9280817218869587
10.834,4.139379515207722,-1.3475401601076582,0.6228484449940467,0.9696422321023199
11.084,4.139379515207722,-1.3475401601076582,0.6618366256236318,1.0142229528434934
11.334,4.139379515207722,-1.3475401601076582,0.6988713629474371,1.0506416094101048
11.584,4.139379515207722,-1.3475401601076582,0.7441469493899233,1.0888811690709583
11.834,4.139379515207722,-1.3475401601076582,0.7861745594209214,1.1193320941238094
12.084,4.139379515207722,-1.3475401601076582,0.8365905225602289,1.15031423771811
12.334,4.139379515207722,-1.3475401601076582,0.882798645722219,1.1742050186331305
12.584,4.139379515207722,-1.3475401601076582,0.9372165268063616,1.1972960041107144
12.834,4.139379515207722,-1.3475401601076582,0.9865656091803472,1.214049811849565
13.084,2.3732475232276293,1.6582829763221962,1.0430267861381546,1.2307554998204298
13.334,2.3895732063396,1.613227597520344,1.0924144394571613,1.2468280179309608
13.584,2.3765026681378565,1.686558681083961,1.1488876141065159,1.2632696855778054
13.834,2.371701894692779,1.6462398161371385,1.19875892273516,1.279591978731931
14.084,2.368958898543414,1.6505550201084664,1.2546643389041874,1.2965322023517836
14.334,2.3805270325054257,1.6279934828321445,1.304520617470336,1.3137602959846895
14.584,2.371431000742078,1.693340569666144,1.3598281669744605,1.331854098645009
14.834,2.356029354726503,1.6836291342026084,1.409035469545825,1.3501146417519037
15.084,2.361587832233761,1.6928738675711323,1.4639020596576697,1.3694427272685286
15.334,2.372731899091548,1.682469630176496,1.5122310215736754,1.3884061223638173
15.584,2.365855641641262,1.7357647516824182,1.5667148303740213,1.4086542182347073
15.834,2.3526783653660663,1.7213809987850404,1.6013795129457682,1.4242694230429669
16.084,2.335642994233234,1.7703111481194314,1.60777238976475,1.4272757282421613
16.334,2.347261723524142,1.7489668046703155,1.6078241002155147,1.427300791732096
16.584,2.348272365786188,1.742262902257754,1.607879989987325,1.4273272712709526
16.834,2.34634960663655,1.7394642809200822,1.6079277326862478,1.4273499889321977
17.084,2.3497878833000905,1.7399008941543808,1.6079811524997552,1.4273754358971589
17.334,2.65918543280341,1.8138858471661794,1.6164290513883315,1.4313103894439196
17.584,2.6361926116797982,1.8072641128107163,1.6490028797973806,1.4538837520066106
17.834,2.514690672667954,2.0595999667503824,1.6876698638944427,1.4868889584708287
18.084,2.4997390234026486,2.1258493554441475,1.7285184276311911,1.5274952442622998
18.334,2.4814194086206656,2.1953564336933526,1.7618883988265888,1.5659931078285558
18.584,2.461825284548262,2.2636843718769124,1.7962483426278548,1.6122146919443074
18.834,2.3935957658995153,2.3697457154812884,1.8234424476045892,1.655184749968202
19.084,2.3628870367275185,2.428404188670056,1.850588687683923,1.706076622183741
19.334,2.3324065012198805,2.4882299991784107,1.871076896773597,1.7525608477234809
19.584,2.2965614646581316,2.5453794876154037,1.8903892527793522,1.806969312711134
19.834,2.21510350679943,2.634647560039763,1.9037556402261202,1.8559385847384164
20.084,2.1753530500740963,2.6849630561225455,1.9147814411865178,1.9125556879333292
20.334,2.1318602307458074,2.7347432112154184,1.9207735824536527,1.9630461156053043
20.584,2.0874891908978546,2.783724668051286,1.9232918701207418,2.0115864980815084
20.834,2.0044039986467594,2.847644229838192,1.9229569169114227,2.0425299362110403
21.084,1.9575680501529837,2.878094292925966,1.9205325163609561,2.0662037637507455
21.334,1.8903375432902314,2.898059452675583,1.9179697578456267,2.0774809248065482
21.584,1.8068946974459936,2.8974970092387364,1.9156434010952947,2.084055585341901
21.834,1.6597476429069917,2.877637845059315,1.9148475695104898,2.0859825294360297
22.084,1.6348991067261207,2.870079917481927,1.91483874003176,2.086017852439982
22.334,1.6312831075508762,2.875106854515516,1.9148281937470628,2.08604435174483
22.584,1.6309985941246237,2.877205871998031,1.914816936060022,2.0860740058985705
22.834,1.628544716463302,2.8865419267989427,1.9140092410851854,2.087838124078599
23.084,1.6274843550763727,2.8906297250623365,1.899382627024145,2.1160165671611453
23.334,1.573975479271739,2.8965893753858305,1.8788143114459144,2.1530892683329883
23.584,1.521908557214537,2.930613969068906,1.858238740923558,2.1894635494201014
23.834,1.4631518030733748,2.984960338671825,1.8302487853813119,2.230996658141885
24.084,1.3713983674287764,3.0054952168704445,1.7945593155024333,2.2762706033789333
24.334,1.2052537451152072,3.1893601288936253,1.7601888647754536,2.3136445729571578
24.584,1.1120376334714255,3.1956185910640214,1.7180611099841752,2.3531567357825853
24.834,0.9529093553110805,3.1682060361743627,1.6785495832393196,2.3849484486321333
25.084,0.8660389545687238,3.154292333208505,1.630942181485346,2.417775306981808
25.334,0.7792709759912207,3.1354900820699934,1.5871869385714865,2.4433301356517987
25.584,0.6920147746341417,3.1120068940060097,1.5352496919011112,2.4687072764487215
25.834,0.5559370718343295,3.032791639665956,1.4881278076321425,2.4875325896094673
26.084,0.46725147216822627,2.9977894408301626,1.4330337407341527,2.5049123903187605
26.334,0.38669575852606597,2.9534520906917594,1.383614346767887,2.51655565263803
26.584,0.30868686080943974,2.906533796294264,1.3265876730981838,2.525586942929617
26.834,0.19816277264718152,2.788997367115604,1.2760017890157092,2.5297792643344628
27.084,0.13059645310634527,2.7262029595886554,1.2182247733387397,2.5302855036521077
27.334,0.06945175882336707,2.660757553889308,1.1676147694846306,2.5269686220551115
27.584,0.010657793910508362,2.5906442852320533,1.110337890889752,2.5189139950072876
27.834,-0.05967178468203904,2.444207903095952,1.060588878522248,2.5088803334911915
28.084,-0.1048917318767274,2.3903828674415326,1.0036295814774199,2.4972319914292136
28.334,-0.15330990917543497,2.391908565563461,0.9548763486694554,2.4845287128131517
28.584,-0.19151983464779943,2.3129827146601434,0.8985423428627112,2.470041685684808
28.834,-0.2573811366220837,2.2714387084176826,0.85052554108609,2.4539334773752373
29.084,-0.2766344108374123,2.1908891528228693,0.7972338902520893,2.43145168609317
29.334,-0.25385970823344556,1.9885678668889901,0.7521438334132167,2.4083105579955846
29.584,-0.2794630650240869,1.9021539556032994,0.7028863239559643,2.378109679377773
29.834,-0.2631269162999322,1.7518697736541027,0.6617171093434565,2.3484315224102232
30.084,-0.2644409173617252,1.666364267608523,0.6175822940424324,2.3112284191929415
30.334,-0.26777912509834684,1.5758721264695725,0.5813109067585486,2.2757163518038346
30.584,-0.25271745964663334,1.4972505196638628,0.543204429302751,2.2323326391437863
30.834,-0.20253055181786467,1.349986850602975,0.5126102011650809,2.1918028183225746
31.084,-0.18051387365425536,1.26888022948949,0.4813652640488886,2.1432080079574107
31.334,-0.15191239143636814,1.187447161255275,0.45715425785838304,2.098616851060684
31.584,-0.12310511209843583,1.1017458829708355,0.4335020066426352,2.045960484513751
31.834,-0.03708904818623335,0.9614220901185895,0.4161391057971482,1.9981964350356547
32.084,0.005579621454177869,0.8849748641375359,0.4005752657572768,1.9427055008312137
32.334,0.04061261298083216,0.8534201909705358,0.3904670982306458,1.8927975481722297
32.584,0.08774588780387546,0.7653022501512249,0.3832827487632105,1.835641220436574
32.834,0.20685685157014894,0.6221387466221686,0.38068727305045613,1.7847583949267354
33.084,0.274085492387087,0.5479016817538529,0.381998614911451,1.727132927709246
33.334,0.3453158322651685,0.4640825763504868,0.3869636986739378,1.6764519518494596
33.584,0.425230793569623,0.3990340521791239,0.3968848515650519,1.6196966755215345
33.834,0.5977802478252076,0.2885230945377375,0.4094177078389626,1.5704023007744805
34.084,0.6913758244799648,0.23826549949339504,0.42777657156210175,1.5157336934916807
34.334,0.7941030474116801,0.17909416856054405,0.44756409934383734,1.4689368960231537
34.584,0.8661006281092931,0.141908604294103,0.47393637763915486,1.4176357890267628
34.834,1.0670412897703838,0.11186261174792933,0.5005292782065109,1.3743248298928121
35.084,1.1823441896161784,0.08100624834651327,0.5342846687050977,1.3275175757894218
35.334,1.2898747653474123,0.07777963779357011,0.567074279518871,1.2886670240790412
35.584,1.3996565898854705,0.0805986710815132,0.607440131608495,1.2474785696082709
35.834,1.3996565898854705,0.0805986710815132,0.6448420274057677,1.2119868699277003
36.084,1.3996565898854705,0.0805986710815132,0.6846690433369186,1.1684401772662063
36.334,1.3996565898854705,0.0805986710815132,0.7168909260133363,1.12741730929632
36.584,1.3996565898854705,0.0805986710815132,0.7497596533656158,1.07839813791729
36.834,1.3996565898854705,0.0805986710815132,0.7754575842417774,1.0330317091585375
37.084,1.3996565898854705,0.0805986710815132,0.8015856836814046,0.9825664798969587
37.334,1.3996565898854705,0.0805986710815132,0.8277426944803985,0.9388610884849028
37.584,1.3996565898854705,0.0805986710815132,0.8609734227014176,0.8918170140478169
37.834,1.3996565898854705,0.0805986710815132,0.8923203235771623,0.8505933450525477
38.084,1.3996565898854705,0.0805986710815132,0.9246637323094318,0.8011394021941475
38.334,1.3996565898854705,0.0805986710815132,0.9511265837468482,0.7572535283176258
38.584,0.0,0.0,0.9843795097062366,0.7100599869662564
38.834,-0.09401281630441005,4.5890705136897605,1.0166344940835854,0.6708361696744402
39.084,-0.09401281630441005,4.5890705136897605,1.0565721431901929,0.6291337505219101
39.334,-0.09401281630441005,4.5890705136897605,1.094332725189676,0.5951561840128362
39.584,-0.09401281630441005,4.5890705136897605,1.1399717664183695,0.5599377250334057
39.834,-0.09401281630441005,4.5890705136897605,1.1824232240134285,0.5319190705122812
40.084,-0.09401281630441005,4.5890705136897605,1.2327503466518472,0.5038985879377036
40.334,-0.09401281630441005,4.5890705136897605,1.2789477032018204,0.48248707942303387
40.584,-0.09401281630441005,4.5890705136897605,1.3328705084623451,0.46222419268024223
40.834,-0.09401281630441005,4.5890705136897605,1.3817453211365436,0.4479152027293668
41.084,-0.09401281630441005,4.5890705136897605,1.438077787391813,0.4358521451580256
41.334,-0.09401281630441005,4.5890705136897605,1.488415210647904,0.4289659548183534
41.584,-0.09401281630441005,4.5890705136897605,1.546055969050138,0.4253509288685325
41.834,-0.09401281630441005,4.5890705136897605,1.5968054868370714,0.42597884127387825
42.084,-0.09401281630441005,4.5890705136897605,1.6544091818673323,0.4309369529243917
42.334,-0.09401281630441005,4.5890705136897605,1.7045402678305008,0.43911253823971386
42.584,-0.09401281630441005,4.5890705136897605,1.7606644998950562,0.4526211985775652
42.834,-0.09401281630441005,4.5890705136897605,1.8090036864195813,0.4682399091614896
43.084,-0.09401281630441005,4.5890705136897605,1.8624437219782923,0.49002836750650963
43.334,-0.09401281630441005,4.5890705136897605,1.907904415179446,0.5127365168865812
43.584,-0.09401281630441005,4.5890705136897605,1.957457974228824,0.5422916292415263
43.834,-0.09401281630441005,4.5890705136897605,1.9989667881633693,0.5715457767637656
44.084,3.276948073212231,1.335997376063053,2.0462213218320846,0.6067231251256987
44.334,3.2891626267054224,1.3744589023908564,2.088101936184086,0.636002572735133
44.584,3.3524893942376575,1.3302477519725724,2.1355675820019764,0.6706987541513545
44.834,3.3716104031987273,1.3749131878224605,2.177660396021775,0.6995846644456453
45.084,3.38952434358904,1.4013423869350299,2.2228674403481574,0.735482607614482
45.334,3.378316990989542,1.49574121204771,2.260087426240279,0.7699632496912313
45.584,3.3652120066995974,1.598086707221978,2.299474370481889,0.8122754314218963
45.834,3.2968297116731877,1.7648228668892796,2.331116121934276,0.8518893611533427
46.084,3.2691568302806235,1.860093430566944,2.36375043202943,0.8995982623951423
46.334,3.231965783792349,1.9500920926440364,2.389189936849365,0.94351260215647
46.584,3.1934887893101545,2.0410201970089363,2.4143503654017917,0.9955229036584496
46.834,3.0935085397727127,2.1991319890465997,2.4329944104332357,1.0427325431798329
47.084,3.0380450308020226,2.2834467255738393,2.450156754744245,1.0978693043663246
47.334,2.979396375775874,2.362962012239443,2.461589575502342,1.1473256612958564
47.584,2.913100784990699,2.4339473521494677,2.4704097313287465,1.2044112883789901
47.834,2.7673001266157002,2.5399165541509157,2.4744040612346416,1.254957282978123
48.084,2.691659731665752,2.604512069268933,2.474678532570814,1.3128046879427895
48.334,2.61269004798863,2.663994824074679,2.471187915376043,1.3634243995480404
48.584,2.530003597478319,2.7217149054620142,2.462895590009738,1.4206781852946502
48.834,2.3590807205007387,2.7872873484954073,2.4518971500807423,1.4701475924250074
49.084,2.2676833365699514,2.8251235837071977,2.4350915968575437,1.525438134116855
49.334,2.1719511602590758,2.8583254519584593,2.416764578013417,1.5727557581707745
49.584,2.0784566249742404,2.882780340994027,2.391861541000239,1.6248352505302213
49.834,1.8956359213855805,2.8888454273600144,2.3665987554588535,1.668928597837116
50.084,1.805025208603956,2.884583714775623,2.3341924139449297,1.7166445242617627
50.334,1.704848255521486,2.8892317557994764,2.3026007536207045,1.756495161784073
50.584,1.6128112259621266,2.8787920444834123,2.263417087497318,1.798835993414408
50.834,1.449573572451807,2.8223143195935174,2.2262084446629276,1.8334744871713842
51.084,1.3586013230455403,2.8041384674875403,2.181156267832111,1.8695003710495444
51.334,1.26978443764095,2.7750460332693714,2.1392288036035727,1.8981938439854784
51.584,1.1866490812381567,2.7392409138088336,2.0893472548140064,1.9270932752363885
51.834,1.0493785814527572,2.643566158574048,2.043582078449811,1.949263064427324
52.084,0.9786453709162453,2.596911368849956,1.9899941688738514,1.9704362234697002
52.334,0.8583577027015213,2.4918693246108616,1.941396917017443,1.9855806541734076
52.584,0.7771591771223773,2.3694379795901783,1.8852371594372206,1.9986133803948234
52.834,0.6736641079367095,2.2454234703016898,1.8349279537828633,2.0063736591134878
53.084,0.6329390751944838,2.1776777039876185,1.777459781906386,2.0109559922267457
53.334,0.5846244189442635,2.112563545929491,1.7266776945045654,2.0111872213538793
53.584,0.5346154653277463,2.0412131999646244,1.6690225067703512,2.0072274845837756
53.834,0.4814514697716542,1.8983109633404291,1.6167408508088226,2.0012697922107687
54.084,0.4333557707301886,1.8802977214889087,1.5580760783524898,1.9958571195430865
54.334,0.3863699370094432,1.9034159960513894,1.5057547763974175,1.9889602244902054
54.584,0.35114355854212553,1.8326579978201387,1.4468802474449003,1.9825850508723168
54.834,0.2868484144353426,1.8389867115222853,1.3949702481134005,1.9751148323655296
55.084,0.24501135400508212,1.826620566492494,1.3362349865557641,1.9681944506182092
55.334,0.18642545263317667,1.849401204187631,1.284763307315017,1.9605070354045344
55.584,0.14447919991003566,1.7790078296346818,1.2265322837590875,1.953270923469322
55.834,0.06591831469976805,1.7881411196384027,1.1752479212599511,1.945299015349183
56.084,0.020421608479596287,1.7871567950398948,1.1163315501604896,1.940263419786754
56.334,-0.03482800579882972,1.8492369028379092,1.0643467783109029,1.9397275995185943
56.584,-0.09273942493878962,1.9166997547290325,1.0052134594839284,1.9434977703007292
56.834,-0.16421781874508878,2.057450563275162,0.9542487081257987,1.9497531122659228
57.084,-0.20305393587873954,2.1027201829368876,0.8957833147657013,1.956748288007561
57.334,-0.2560801952942626,2.0937288940667367,0.8449151513613944,1.965618762412275
57.584,-0.2867541359771023,2.1707111526737854,0.7868484567696908,1.975322552642522
57.834,-0.3659899036317183,2.2021936524118737,0.7363768188220557,1.9876100922259752
58.084,-0.37123490588924574,2.342516266951024,0.6800126247527541,2.005899898085304
58.334,-0.3644117833179534,2.477863811840482,0.6319961735099391,2.0256637067765313
58.584,-0.38691935861713145,2.562791431062305,0.5790853249549422,2.0522529399286737
58.834,-0.37913997906177704,2.7098682393446976,0.534567703323714,2.0790405092199915
59.084,-0.38532645848584524,2.7970908015322813,0.48631486310084193,2.113271355755262
59.334,-0.3835384715400752,2.8788742837480834,0.4463055708411307,2.1464690204613706
59.584,-0.36794919728805764,2.953193536994915,0.4037560923041732,2.1875574928676693
59.834,-0.32440954718208337,3.101900871884437,0.36921818091234127,2.226336777404237
60.084,-0.3007031900615023,3.1810842973090394,0.3332511744581479,2.2734091241137953
60.334,-0.28139596331514616,3.2683660574165563,0.30489958784644916,2.3169162049548833
60.584,-0.2432122838055841,3.334213452623978,0.27637690694044836,2.3688647872905135
60.834,-0.1565865630116698,3.463422610432956,0.25481990077954264,2.4161004007340323
61.084,-0.11722596852741185,3.5436946665514517,0.23439921067690989,2.471620996584383
61.334,-0.057794725585646245,3.622495132894441,0.220074657399269,2.521677052797896
61.584,-0.016547342200057047,3.683558056993239,0.2081455248827354,2.579557363024561
61.834,0.10804463518085984,3.7666607917068244,0.20142629938821552,2.631273968986278
62.084,0.17091090950523546,3.8324385438205164,0.19821243743929953,2.690244816094874
62.334,0.23848059512795183,3.888752064940416,0.19926827098348407,2.7423787483360615
62.584,0.3099570279974031,3.9376326640606347,0.20481983923511266,2.801240147219553
62.834,0.4588793739363498,4.001766591406941,0.21359429711620492,2.8526201880850364
63.084,0.5376810783835968,4.033644246159833,0.2279618877730225,2.9099126240297735
63.334,0.6217638606128567,4.064412900908525,0.24439295034584096,2.9593159889925733
63.584,0.7056225989590403,4.085825838303145,0.26724777659834054,3.013791346640657
63.834,0.8748982595406072,4.106037229524534,0.29095299993889046,3.0601410519764003
64.084,0.9547079707647474,4.10538940086193,0.32173604971518827,3.110512352791219
64.334,1.0507007530169024,4.116579972683948,0.3521946793464117,3.152812939282039
64.584,1.1367340255960205,4.112070599638653,0.39020448716049827,3.197993749655046
64.834,1.1367340255960205,4.112070599638653,0.42449956576341047,3.2359714456374165
65.084,1.1367340255960205,4.112070599638653,0.4600199144034918,3.281347582150979
65.334,1.3099455460837335,4.213030787572951,0.49054429879876765,3.3232343138329266
65.584,1.289608424081714,4.295459631881958,0.5266940837807322,3.3683927188483342
65.834,1.3798084717489194,4.308324050946266,0.5584052614838181,3.409406985141932
66.084,1.409526179351018,4.334106091722754,0.5977378230163553,3.453383828211867
66.334,1.409526179351018,4.334106091722754,0.6352982394574958,3.4894975618212105
66.584,1.409526179351018,4.334106091722754,0.677763253260939,3.527516799795708
66.834,1.409526179351018,4.334106091722754,0.7133795242616396,3.563772591693909
67.084,1.409526179351018,4.334106091722754,0.7505834434706534,3.6078986782789815
67.334,1.6383957103238285,4.513799281077125,0.782495778500256,3.648738471396163
67.584,1.5798471356203962,4.554955392268087,0.8191732990706729,3.693666794083281
67.834,1.630464061896541,4.595006982123692,0.8506248375514182,3.735356655649478
68.084,1.654899384828644,4.638977207420854,0.8863471402229474,3.7811316082210986
68.334,1.685655662501692,4.654735095811396,0.9164446644994805,3.8233525597893387
68.584,1.6487470477625852,4.719422472414826,0.9507358095944413,3.870252465646202
68.834,1.671534832578475,4.763993971975352,0.9777078082341023,3.9131816942270055
69.084,1.6390285020367417,4.837115064915112,1.0046507066116381,3.964232696868151
69.334,1.6009313717868516,4.9115252137646745,1.0250056624375545,4.01078569263982
69.584,1.5560588398494613,4.972110878614357,1.0440605967405931,4.06521004393252
69.834,1.4521052149719926,5.072336441877908,1.0573046703210973,4.114341759004737
70.084,1.4040689701394982,5.137661994042162,1.0680909550813609,4.170949959657463
70.334,1.34699980813644,5.186508453672133,1.073912276988244,4.221565349532482
70.584,1.2897011650548635,5.236164604858631,1.0762187092954252,4.2791435755382485
70.834,1.1684485350633262,5.30186154990656,1.0744761538107654,4.3299598302909885
71.084,1.1061722500324884,5.343362440126166,1.068248354360502,4.3873465865840275
71.334,1.0417620108899706,5.387389729876256,1.058973778176568,4.437373582493144
71.584,0.9729219362653719,5.429736821342267,1.0442084263390459,4.493093720602581
71.834,0.8351239384960549,5.480550767727127,1.0275171756464716,4.541122102253206
72.084,0.7621657946895687,5.5106144344810595,1.0045475004694082,4.593978006930662
72.334,0.6839975308444486,5.537914504351637,0.9808170906126036,4.638975305424096
72.584,0.6036085919104741,5.565685424260932,0.9501958591555055,4.687825248683321
72.834,0.4488489164016115,5.5890505550982015,0.9199726007860096,4.728764005624396
73.084,0.3675370927406156,5.595918740664224,0.8823876201373826,4.772460581947195
73.334,0.28173842735324356,5.605196439587928,0.8464252961020419,4.808375146634171
73.584,0.1870160694950167,5.614880454829047,0.8027016877252016,4.846023129084752
73.834,0.02712106979932294,5.5912314907712535,0.761849657448939,4.876128145948765
74.084,-0.06270161463105156,5.57947780142743,0.7129260129050569,4.906893598742055
74.334,-0.16190238390007466,5.570087984325797,0.6681027497826242,4.930571231395889
74.584,-0.26685697608630643,5.541741040199728,0.6151234061132554,4.953731241603266
74.834,-0.42455576903089437,5.468278662986181,0.5672660379313136,4.970518621871177
75.084,-0.5144659467465003,5.42900233899059,0.511479704844429,4.985543901242029
75.334,-0.5939398657688468,5.379897335988167,0.46161442090278665,4.995071190176992
75.584,-0.6688062906803851,5.338821006161119,0.4042330560189975,5.001666354486976
75.834,-0.8062997203044,5.218119421869085,0.35348463840995115,5.00371102853882
76.084,-0.874647535725533,5.14855809889144,0.29577247704735127,5.0017573728056615
76.334,-0.9443591006691916,5.076721902001861,0.24527503650421534,4.996261482978103
76.584,-1.009780836411856,4.999188674840181,0.18840884396847093,4.985709094532005
76.834,-1.082440220059619,4.835598485474904,0.1393016206431067,4.973622405210442
77.084,-1.1108599026701498,4.782027753020948,0.08286221932725223,4.959839743524426
77.334,-1.145513328690431,4.787589815589602,0.033938715331905026,4.94497948723994
77.584,-1.1567008504623628,4.706205148253266,-0.021756009133801598,4.928270403414291
77.834,-1.1915200130941495,4.664777038307978,-0.0690793028315051,4.910242336411129
78.084,-1.208881682628149,4.5803890328154715,-0.12145605459331521,4.8856410026143955
78.334,-1.2189338643559977,4.497287788588101,-0.16555945798025537,4.8607163619462606
78.584,-1.210590134297744,4.420761149617048,-0.21360389555387843,4.8285621596272925
78.834,-1.1870024746688104,4.273137837439686,-0.25352625707156573,4.797287546717961
79.084,-1.1746075259608393,4.196356533934761,-0.2961717369667353,4.758343102232339
79.334,-1.161053869911065,4.119492763328189,-0.3310119257832843,4.72140843847249
79.584,-1.1377016848693664,4.0505903808291155,-0.36734401746449924,4.6765671273057885
79.834,-1.0691183628045846,3.933318604100715,-0.39627445314172505,4.634884591874551
80.084,-1.03744858839025,3.8698730325579973,-0.4255742401845807,4.585088227187425
80.334,-1.005194140827416,3.807274962512662,-0.4479964905403802,4.53957476769793
80.584,-0.9688955409850138,3.748234490428701,-0.4695718133944849,4.485970650604671
80.834,-0.8320713279773386,3.6459309245043308,-0.48500037423587394,4.437625821568013
81.084,-0.8339076934802133,3.3002846035394033,-0.49836303742709814,4.381523745562189
81.334,-0.772428915393932,3.2508449574872698,-0.506495035186094,4.331291963391591
81.584,-0.7100510213654296,3.218471840664287,-0.5114133955779363,4.273878220844519
81.834,-0.5805268520048803,3.1850106549569435,-0.5120142250992279,4.22293701642227
82.084,-0.5176213858237592,3.165113609918764,-0.5084149201982234,4.165451480510083
82.334,-0.45515843712764054,3.148256403369577,-0.5014647935290961,4.114972487537004
82.584,-0.39197569406798244,3.132182784856496,-0.48930902467531845,4.058680508890919
82.834,-0.26880777999916616,3.133021876773737,-0.4748472667076316,4.009883025754904
83.084,-0.21438828603148458,3.132566334592679,-0.45436192284519894,3.956015454823623
83.334,-0.17142301168898078,3.1757875379111637,-0.43709524688769197,3.92130608859029
83.584,-0.11396676323765426,3.1793366544382016,-0.42860581993359453,3.910898522886604
83.834,0.1105814094387039,3.3334241545550203,-0.4284934507104277,3.9107887198888625
84.084,0.11300354423743694,3.3399889095804713,-0.42849141823243403,3.910790203913339
84.334,0.12187501051497232,3.3293564895651118,-0.4284901796857342,3.9107914313629553
84.584,0.12308033714838834,3.3265662451996625,-0.4284883376243895,3.9107923394771125
84.834,0.10942853122986748,3.338736263015033,-0.42848632479478077,3.9107927024615528
85.084,0.10270578664627222,3.344799513565304,-0.42848358862111585,3.9107926152925496
85.334,0.10274888907083493,3.3435786687112885,-0.4284807858650837,3.910792095362059
85.584,0.09754984725884677,3.347954618053131,-0.42847714813440796,3.9107909962139797
85.834,0.09345179680058152,3.3502525659175335,-0.42847354915876834,3.9107895787160567
86.084,0.09255320460215433,3.350229880217367,-0.4284689996822282,3.910787448987159
86.334,0.0898661949667775,3.351952106661488,-0.42846458099026746,3.9107851083240326
86.584,0.09002239035130541,3.3506967682141355,-0.4284590797046572,3.9107819096411762
86.834,0.08662137486511959,3.3521816389869237,-0.42845382260938747,3.9107786218763705
87.084,0.08799608458864655,3.3496713188333964,-0.428447371289105,3.9107743427736286
87.334,0.08544308299371531,3.3513433972711324,-0.4284412769218711,3.9107700986183893
87.584,0.08660792124596448,3.3489777456331753,-0.4284338713837271,3.910764724676804
87.834,0.08405114424566368,3.3496353474610387,-0.428426935547229,3.9107595106667907
88.084,0.08341111744608892,3.3492260564575718,-0.4284185713551854,3.910753026660466
88.334,0.08035563947410959,3.3515352401416023,-0.4284107878721759,3.9107468276309993
88.584,0.07901883477254545,3.3518992279663182,-0.4284014499232926,3.910739208552506
88.834,0.07924091804525882,3.349412152268684,-0.4283927993784178,3.9107319965512444
89.084,0.0779211258284005,3.349749194235604,-0.4283824657888075,3.910723212591603
89.334,0.07789595886153874,3.348643571416747,-0.42837293507130736,3.9107149668046164
89.584,0.08105853778011995,3.344083287697247,-0.4283616003237784,3.910705000406267
89.834,0.07984951150327033,3.3432201935138988,-0.4283511882006903,3.9106957081832925
90.084,0.08064346681970719,3.34117443613136,-0.42833885034414504,3.910684544927551
90.334,0.07841528564068181,3.3425184706885096,-0.42832755479784185,3.9106741933838287
90.584,0.07751389214890744,3.3423658789035064,-0.4283142116743032,3.910661818627975
90.834,0.07721443335775827,3.3403737452464464,-0.42830226235897434,3.9106506704942765
91.084,0.07596293091227677,3.340619976408595,-0.42828834348374667,3.910637608264558
91.334,0.07493231214597162,3.340720997882116,-0.42827572206105713,3.910625665088182
91.584,0.0755654309563184,3.3388331637392037,-0.42826093114004193,3.9106115516066913
91.834,0.07175782525082619,3.3408936324045095,-0.428247518295266,3.910598646942009
92.084,0.07024608726300971,3.34143784701791,-0.428231811420016,3.910583412933425
92.334,0.07102054205518854,3.339378351524312,-0.42821759122635794,3.9105695130280185
92.584,0.06951933685531003,3.3399176640631056,-0.42820096968397375,3.910553142284546
92.834,0.07076412461465328,3.3362165048705372,-0.4281859479894863,3.9105382384323164
93.084,0.06905893293343607,3.3369820100183616,-0.42816841745238376,3.9105207209183313
93.334,0.07198944677023267,3.332479054776178,-0.42815259780102777,3.9105048035153853
93.584,0.06998474661250226,3.3335890776253008,-0.4281341620359981,3.910486128374641
93.834,0.06893531582439355,3.332391495670242,-0.42811754769978266,3.910469187834988
94.084,0.06783613667928881,3.3324599134858888,-0.42809821021788474,3.910449344540502
94.334,0.06720508303016093,3.331978895705471,-0.4280808040188876,3.9104313713195054
94.584,0.06983743995406849,3.3276685822239376,-0.4280605692639117,3.910410350188612
94.834,0.06505694528586489,3.330935644092188,-0.42804237479302687,3.910391335785411
95.084,0.06438581005217325,3.3304909326239738,-0.4280212461847524,3.9103691260592575
95.334,0.0625616932930084,3.3312089191133087,-0.42800226412545994,3.910349060345756
95.584,0.06155604663325853,3.3314368208167955,-0.42798023349672065,3.910325643789099
95.834,0.06122180007343442,3.329353550709281,-0.4279604572770625,3.910304509600887
96.084,0.0591921821316341,3.330429835249094,-0.4279375260729898,3.9102798742581113
96.334,0.059593110223790186,3.3288021399103846,-0.42791695870550933,3.910257662737223
96.584,0.05922090323996196,3.327876727142285,-0.4278931317355586,3.910231798574429
96.834,0.06121846706070541,3.323034018794206,-0.4278717797359955,3.9102085036080485
97.084,0.0603395414271701,3.3228180824234155,-0.42784706468684747,3.910181404850201
97.334,0.05906009627822642,3.323075862858486,-0.42782493389650667,3.910157019906543
97.584,0.05912340040098785,3.3219339779528614,-0.4277993368704221,3.910128678158063
97.834,0.05548057333231629,3.3237727219014728,-0.42777643436348045,3.910103197877964
98.084,0.05843116580663721,3.318896606781075,-0.4277499619187666,3.9100736072952222
98.334,0.055352259197406606,3.3214518698031394,-0.42772627926627704,3.9100470210267475
98.584,0.057286200221005446,3.3177896574993286,-0.42769891292215567,3.9100161725104825
98.834,0.05101970161266384,3.3229269275296343,-0.42767445166207196,3.9099884871787887
99.084,0.05108574350117712,3.3215384079455417,-0.42764620984638113,3.909956395474215
99.334,0.04976483398598108,3.321853299560643,-0.4276209852281461,3.9099276194829202
99.584,0.049287393517355754,3.321126658866328,-0.42759187804814613,3.909894284677787
99.834,0.052527679952898254,3.3145710655198792,-0.42756589426409664,3.909864411813447
100.084,0.04960673590559189,3.3169445866449627,-0.42753592983934235,3.909829830305655
100.334,0.05064047960595672,3.3143191801726095,-0.42750920100174744,3.909798859145826
100.584,0.049074486241307086,3.3149306381795087,-0.4274784015501463,3.909763030112555
100.834,0.049702696803839846,3.3114331257532856,-0.4274509433689434,3.9097309642100204
101.084,0.04628358866107424,3.314366699645338,-0.4274193204307381,3.909693891920007
101.334,0.04525280584386296,3.31430634731885,-0.42739114690251434,3.909660733953399
101.584,0.046732138858556926,3.31118572806238,-0.4273587271682507,3.9096224259145766
101.834,0.045381062704951874,3.310146996210979,-0.4273298647165563,3.909588187793025
102.084,0.045825322993604145,3.308188504056749,-0.4272966582577993,3.909548643827725
102.334,0.041871835447802985,3.3119189804085565,-0.42726709937753127,3.9095133078209354
102.584,0.039778937019279426,3.3131997926760723,-0.4272331068337126,3.909472515286439
102.834,0.04187791982819375,3.3077229440774367,-0.4272028624910647,3.9094360818687743
103.084,0.04052000775244444,3.308165089618763,-0.42716809859386046,3.9093940442651802
103.334,0.04054923496778809,3.306715695424658,-0.42713718242145027,3.9093565173341234
103.584,0.04126962254035349,3.304460216453627,-0.4271016618520811,3.9093132380763382
103.834,0.03788273009139165,3.305993762968976,-0.4270700862496365,3.9092746202033912
104.084,0.038368023547008745,3.3039356185384943,-0.4270338203833709,3.9092300991325564
104.334,0.03816244897242299,3.3027653475125325,-0.42700159253857106,3.9091903865893634
104.584,0.038566817992892966,3.300779119267937,-0.42696459365605716,3.9091446215471204
104.834,0.036584208734051965,3.3005799346074918,-0.4269317295610442,3.9091038163798384
105.084,0.03297316949463913,3.303870455055141,-0.42689401519395065,3.9090568124581044
105.334,0.03486638727499164,3.2999191560060446,-0.4268605285441289,3.909014920649879
105.584,0.03304516588786305,3.300927225978053,-0.4268221153459318,3.9089666851981524
105.834,0.030866400104246572,3.3008800231877506,-0.42678802183251924,3.908923713181635
106.084,0.034526292273590414,3.294624339348176,-0.4267489278564488,3.9088742535356116
106.334,0.03111415833640077,3.2976808197131833,-0.42671424531222896,3.908830207528565
106.584,0.02816221023819196,3.300130326051232,-0.4266744927668867,3.9087795316779963
106.834,0.02933205846088241,3.295655612062184,-0.42663923894007993,3.908734421291692
107.084,0.02865359116799321,3.295057349738287,-0.42659884738321113,3.908682542066095
107.334,0.02636732026971661,3.296625372824181,-0.4265630395404724,3.9086363789928713
107.584,0.027119934197690237,3.2940876410442117,-0.4265220228143266,3.9085833064185667
107.834,0.025138293341164464,3.293831822380867,-0.42648566859855724,3.9085360937975855
108.084,0.022235404860549507,3.296253939348836,-0.4264440381665902,3.9084818298875885
108.334,0.022786517657397448,3.2939640301745357,-0.4264071525101047,3.908433572446671
108.584,0.021543266914033687,3.2942063030427997,-0.4263649296263035,3.9083781252646665
108.834,0.02187721411017382,3.290634808198817,-0.4263275321322449,3.9083288322882406
109.084,0.021283109573936615,3.289894170079551,-0.42628473731754835,3.908272215316802
109.334,0.02056754169755856,3.2894219279529406,-0.42624684555808295,3.9082218981911265
109.584,0.01934460600759394,3.2895380696744274,-0.42620349763546356,3.9081641203286597
109.834,0.019573252684467968,3.286143300600202,-0.42616512819004143,3.908112786604897
110.084,0.018823179090790343,3.2855934739379373,-0.4261212497181834,3.9080538620727077
110.334,0.018675856373323446,3.2842029439732165,-0.4260824267443782,3.9080015277121216
110.584,0.01794730837058131,3.2836090419652084,-0.426038045643066,3.9079414744695398
110.834,0.012008157323784213,3.288883734169439,-0.425998789531579,3.9078881549412525
111.084,0.013989490030330676,3.284473318836763,-0.4259539275788146,3.907826990967931
111.334,0.013329267905573261,3.2837861129186923,-0.42591425662724075,3.907772702479374
111.584,0.010229460054056866,3.286648822213772,-0.4258689317086084,3.907710445260282
111.834,0.011717704474208529,3.2812531227038324,-0.4258288636128812,3.9076552030031375
112.084,0.009295047469756457,3.2830864961393447,-0.4257831016496772,3.907591871550093
112.334,0.009386988208455682,3.281418518902083,-0.42574266128312294,3.9075356932752765
112.584,0.00901692930750439,3.28030006807279,-0.4256964883731842,3.907471313140962
112.834,0.007962799340797022,3.2785855309016427,-0.42565570050492524,3.9074142315134757
113.084,0.007996438710621084,3.276863389522868,-0.4256091525056067,3.907348847912405
113.334,0.007212772975972087,3.2763255953467314,-0.42556805225176525,3.907290902926055
113.584,0.006545184698036027,3.275607295853022,-0.4255211683414214,3.9072245588930374
113.834,0.005314023300883347,3.274020246944794,-0.42547979081496135,3.9071657866668086
114.084,0.0020819640858205646,3.2772005035494303,-0.42543261082867256,3.9070985217936003
114.334,0.0007206100752629452,3.2775109229402113,-0.42539098759980476,3.9070389561946075
114.584,-0.00021819512223983373,3.2772863511954506,-0.4253435444398077,3.906970805992206
114.834,-1.2590873515960777e-05,3.2735637366220667,-0.4253017025311231,3.906910475108734
115.084,0.0005033519806685871,3.271180252568903,-0.42525402431931036,3.9068414695518023
115.334,-0.0006255675666376748,3.271142855382153,-0.42521198857236514,3.9067804000716433
115.584,-0.0021486569530685673,3.271692428378807,-0.4251641076437717,3.9067105740216936
115.834,-0.002460199985468342,3.2687823962441804,-0.4251219106942821,3.9066488000857853
116.084,-0.0030030144507298406,3.267848993767671,-0.42507386460927826,3.906578194195046
116.334,-0.004806043671370663,3.268830555333515,-0.4250315368456723,3.906515753134002
116.584,-0.0037295243528552846,3.2654207444703998,-0.42498336048091234,3.906444409287833
116.834,-0.008165533802954539,3.2687884647749152,-0.4249409329976162,3.9063813349186347
117.084,-0.008672752803722789,3.2678021616599957,-0.4248926580932656,3.9063092886855206
117.334,-0.00875224193792895,3.266156931927368,-0.42485015761119155,3.9062456129154652
117.584,-0.009544005136006395,3.2653981760654127,-0.4248018146877662,3.9061729007118484
117.834,-0.011779983794653531,3.265453875733459,-0.42475926699283056,3.9061086555123308
118.084,-0.012610969105296382,3.2649009135238303,-0.4247108865231108,3.9060353175917815
118.334,-0.013047473783596136,3.263800840993842,-0.42466832354858103,3.905970543776286
118.584,-0.01296862256493389,3.2621750802821494,-0.4246199454488472,3.9058966281528265
118.834,-0.014185025265271989,3.260571576878325,-0.42457739909743236,3.9058313617132634
119.084,-0.013257523890331413,3.2572938542708343,-0.42452905413164554,3.905756902842359
119.334,-0.01471545873319291,3.2577821104777867,-0.42448654957866755,3.905691176847345
119.584,-0.016097650471314146,3.2581420426856496,-0.42443828811997053,3.905616250618576
119.834,-0.01909854722930121,3.2594050146609184,-0.4243959191318815,3.90555022410862
120.084,-0.020036358529304243,3.2590848794067435,-0.4243480083539328,3.9054752606837204
120.334,-0.020138644036619413,3.2575106167670516,-0.4243061057563186,3.90540942506638
120.584,-0.02043498941670338,3.2561501049611152,-0.42425875052498874,3.905334717605229
120.834,-0.02169635159795663,3.2546339934749886,-0.4242173398107405,3.905269119314029
121.084,-0.02311930342528784,3.255085879902575,-0.42417055239363904,3.905194695122708
121.334,-0.023055333723522003,3.253142679370196,-0.4241296493348672,3.9051293544061565
121.584,-0.02477344801977932,3.2541864325641288,-0.42408344551603444,3.90505523075177
121.834,-0.026410280679787485,3.253156017948544,-0.4240430600508669,3.904990164614741
122.084,-0.025970291017530345,3.250577267049411,-0.42399745010991946,3.9049163687755817
122.334,-0.026989347689220677,3.2503896606818268,-0.4239575920684123,3.9048516072342516
122.584,-0.028370056387678644,3.2509312500526173,-0.423912629541664,3.904778242855125
122.834,-0.029430060939633573,3.2489412382967195,-0.4238734015310234,3.9047139642881494
123.084,-0.03297494594820646,3.2529844549124762,-0.42382917923866387,3.904641196372733
123.334,-0.03317361486506876,3.2515550333480654,-0.4237906037184506,3.904577452747059
123.584,-0.033945256207919355,3.250976226745159,-0.42374712487920474,3.904505307181508
123.834,-0.03343416827374282,3.2465003897035354,-0.4237092062366314,3.904442123922884
124.084,-0.03510161740305595,3.2474435792859406,-0.4236664833783192,3.9043706381925514
124.334,-0.035008575930440655,3.2454184299576134,-0.4236292506206415,3.904308075925576
124.584,-0.035335200854152454,3.244202217588451,-0.42358732490266643,3.904237329797426
124.834,-0.03593941851216506,3.2414769592393315,-0.42355079365443715,3.9041754244364784
125.084,-0.03742369482048216,3.242159130497306,-0.4235096642377571,3.9041054326586813
125.334,-0.03764794201008875,3.240661652346164,-0.42347383860324816,3.90404421144607
125.584,-0.03865665995931525,3.2406571111162474,-0.42343352926316286,3.9039750411497476
125.834,-0.042609580204546305,3.243768894699829,-0.4233984340851532,3.9039145673834335
126.084,-0.04162549718599834,3.2399062303293604,-0.4233589533782308,3.9038462538197396
126.334,-0.04313358679543694,3.241083600675272,-0.42332458542479273,3.9037865399781873
126.584,-0.04354691647757736,3.239947638300599,-0.42328592904158513,3.903719096872571
126.834,-0.045350702460177056,3.2395350221992905,-0.423252283767694,3.903660153867094
127.084,-0.04655688480279793,3.2398208995144815,-0.42321444969011474,3.9035935973629523
127.334,-0.04599756297481733,3.2369989430560757,-0.4231815364617664,3.9035354540801754
127.584,-0.04631163990066689,3.235818694040643,-0.4231445409773254,3.903469823604133
127.834,-0.04748381794816964,3.2342237520884316,-0.4231123613598618,3.9034124967860766
128.084,-0.04889192656384653,3.2349020271476494,-0.42307619340609753,3.9033477945896893
128.334,-0.04949373837256271,3.2341563703605822,-0.42304473676557514,3.9032912849819263
128.584,-0.05063870805246984,3.23453831883952,-0.42300938517841136,3.903227513036456
128.834,-0.05417967559628198,3.2373024258195158,-0.42297864195706714,3.903171822952948
129.084,-0.05331649219340159,3.233934101563433,-0.42294409618371026,3.903108985046726
129.334,-0.0529644662074025,3.231494347759425,-0.422914063057906,3.9030541290771334
129.584,-0.056226852160848634,3.2357258783472282,-0.42288032848515145,3.902992258256232
129.834,-0.055398802943558534,3.2306578666715566,-0.4228510065015845,3.902938259413922
130.084,-0.055488089115443034,3.2291641875163437,-0.4228180743422925,3.9028773650498967
130.334,-0.058245551356390174,3.2324485666452665,-0.4227894542049624,3.9028242270352296
130.584,-0.05755302308424895,3.22940524546182,-0.42275732802824934,3.9027642856449694
130.834,-0.05746835923129462,3.2258224811442364,-0.4227293990181957,3.9027119529725356
131.084,-0.05950634100424318,3.2278352920031215,-0.4226980261934021,3.902652914984109
131.334,-0.059097141321760666,3.2253290898905913,-0.4226707564415692,3.9026013740134546
131.584,-0.06158068770935243,3.228209205337747,-0.4226401244906307,3.902543228918197
131.834,-0.0624067298544449,3.2264144558197865,-0.4226134970178967,3.9024924690457445
132.084,-0.06335283855565152,3.226470392299973,-0.4225835931050511,3.9024352113451264
132.334,-0.06391455974595209,3.225787844483683,-0.4225576032900041,3.902385235785454
132.584,-0.06332117177488858,3.2229471664838383,-0.42252841691744547,3.9023288776450498
132.834,-0.06842014623406217,3.229291635620502,-0.4225030547807029,3.9022796975199454
133.084,-0.06833973790401193,3.2274437180113345,-0.42247457919056974,3.9022242393394553
133.334,-0.06939541228715179,3.227765962153443,-0.4224498342724533,3.9021758441613907
133.584,-0.06775141857915673,3.223072648855915,-0.42242204924743093,3.9021212743194504
133.834,-0.06923160743933918,3.22252533663457,-0.42239790604651045,3.902073656787288
134.084,-0.07037204813496356,3.223052899477004,-0.4223707988584084,3.902019966325557
134.334,-0.06993333066864862,3.2206352575311934,-0.42234724537341994,3.9019731179304302
134.584,-0.07010622474126904,3.219292984174766,-0.422320798337867,3.9019202958682286
134.834,-0.0735577072290852,3.222675021352458,-0.4222978185483012,3.901874206379574
135.084,-0.07386006093480532,3.2216123898387674,-0.422272017688145,3.9018222427937785
135.334,-0.07512303107446058,3.222589694777745,-0.4222496334804941,3.901776899582953
135.584,-0.07525253378575394,3.221096686736925,-0.42222454954868316,3.9017257145914255
135.834,-0.07610193283390049,3.2196089228141123,-0.4222027518363862,3.901680987592707
136.084,-0.07702520215308181,3.2198061481237548,-0.42217827635109934,3.9016304782966977
136.334,-0.07751772667148885,3.2191579505931793,-0.4221570076673767,3.9015863413701544
136.584,-0.07791767813731545,3.218418843202627,-0.4221331273297039,3.9015365023782858
136.834,-0.07970834387764764,3.2187586581726126,-0.4221123780933908,3.901492946082314
137.084,-0.07941129660870336,3.2167006592670635,-0.42208907859993944,3.901443757308908
137.334,-0.08027356679774053,3.2168129991858905,-0.4220688328102538,3.901400768876747
137.584,-0.08095547163651942,3.216572506316524,-0.42204609644882946,3.9013522179642797
137.834,-0.08020827917203341,3.211984733710427,-0.4220263342117742,3.9013097831057224
138.084,-0.08233698557537503,3.2146773699743996,-0.4220041396556694,3.9012618540015986
138.334,-0.08324882912332274,3.2149285947733253,-0.421984848856841,3.901219955080008
138.584,-0.08320863504901582,3.2129975794858567,-0.421963178837196,3.901172622217194
138.834,-0.08501111661701985,3.213493476517203,-0.4219443419699627,3.9011312407430716
139.084,-0.08573346336924892,3.2133943005811068,-0.4219231825001011,3.9010844846850476
139.334,-0.08762136983095459,3.215833137772876,-0.4219047859838296,3.901043600425615
139.584,-0.08741542017737886,3.21409338609951,-0.4218841172989041,3.900997402885363
139.834,-0.08738760912576066,3.210892243154286,-0.4218661462912221,3.900957004500634
140.084,-0.09051540124749377,3.21579165888856,-0.42184595566618605,3.9009113521567422
140.334,-0.0882019190451987,3.2095462563569397,-0.42182840002327493,3.900871423893122
140.584,-0.09115772151248755,3.2141170671056556,-0.4218086715722194,3.900826297628283
140.834,-0.09192379881743801,3.212610876757909,-0.42179151321437675,3.9007868306199276
141.084,-0.09223842202890584,3.2118681195516467,-0.4217722285829378,3.9007422245204886
141.334,-0.09204955771788967,3.209913040970874,-0.4217554542890388,3.9007032088103393
141.584,-0.092898984028077,3.2101470685425917,-0.4217365992693445,3.9006591097277408
141.834,-0.09255931024985514,3.2063387570882416,-0.4217201985502535,3.9006205385525052
142.084,-0.0941074120479733,3.208180707704644,-0.4217017634744043,3.900576943605808
142.334,-0.09321329579479751,3.2047473663127635,-0.4216857266709699,3.900538811083126
142.584,-0.09476957123059718,3.2064978153231425,-0.421667698731146,3.9004957079996103
142.834,-0.09670720352725956,3.207549259997161,-0.4216520143266915,3.9004580029319005
143.084,-0.09611353667895672,3.2047466782625897,-0.42163438180966883,3.9004153795120797
143.334,-0.09742308294570051,3.2061738615237756,-0.42161904002904177,3.9003780873500875
143.584,-0.0972934166225469,3.20436528786406,-0.42160178790437836,3.9003359230022174
143.834,-0.10099771857362039,3.209283866149934,-0.4215867734584797,3.9002990279562906
144.084,-0.099136535764555,3.203751039754694,-0.42156988672142937,3.9002573081468577
144.334,-0.10059558244995276,3.2053826126714835,-0.42155518780316825,3.9002207984244204
144.584,-0.10108497816642725,3.20493119996455,-0.4215386531704886,3.9001795098669705
144.834,-0.10385822339210177,3.2080532254883614,-0.4215242584414109,3.9001433768027427
145.084,-0.10184337381112474,3.2021362334594614,-0.42150806299503385,3.9001025147770956
145.334,-0.10344760512723492,3.2041262067085974,-0.4214939606531914,3.90006675242729
145.584,-0.10258120369316184,3.200775240535166,-0.42147809269576586,3.900026304320497
145.834,-0.10553042578958527,3.204351521067001,-0.4214642733761598,3.899990896884624
146.084,-0.10459228998487405,3.200766934261397,-0.4214487185981994,3.8999508423434444
146.334,-0.10508678812058986,3.2003658518721925,-0.42143516829507904,3.8999157747116744
146.584,-0.10686809387039065,3.2026835292739038,-0.4214199129661022,3.8998760993309087
146.834,-0.10716473844708505,3.2005784184197625,-0.4214066204817807,3.8998413592794634
147.084,-0.10794949714986257,3.2008320530139995,-0.42139165233889275,3.8998020498151367
147.334,-0.10674632313833332,3.196642802242005,-0.42137860747110584,3.8997676262100964
147.584,-0.10802669219071634,3.1979946018617964,-0.4213639152880653,3.8997286702236384
147.834,-0.11052655022427935,3.200789251399401,-0.42135110817190286,3.8996945520394184
148.084,-0.11075053318231093,3.1997933997558228,-0.42133668162928395,3.899655936329069
148.334,-0.11090985599814247,3.198549293805399,-0.4213241044037339,3.8996221112778873
148.584,-0.11097685428505745,3.1972070715210306,-0.42130993322426036,3.8995838246366614
148.834,-0.11293489876051853,3.1986706646824716,-0.4212975755170255,3.899550285294644
149.084,-0.11446714440565278,3.200880478604746,-0.42128364823240483,3.89951231676113
149.334,-0.11552501398980528,3.201819311269505,-0.4212715000198334,3.899479051867996
149.584,-0.11483125517512999,3.1987419036305775,-0.42125780589313533,3.8994413906191903
149.834,-0.1160265083144793,3.198518603091442,-0.42124585862898045,3.899408392247563
150.084,-0.11473088905078496,3.194216558722311,-0.4212323881031525,3.899371028959515
150.334,-0.11740440866646808,3.1987740436758214,-0.4212206333590697,3.8993382882405188
150.584,-0.11819380651663582,3.1990982899845912,-0.4212073783322639,3.899301211860413
150.834,-0.1189722391390256,3.1980481055522496,-0.42119580952588614,3.8992687189890574
151.084,-0.11707535354607343,3.1922955282165555,-0.4211827595570702,3.8992319219923863
151.334,-0.11785831831031729,3.192618121143843,-0.42117136650124415,3.899199672010106
151.584,-0.11972346947957455,3.1953760670300317,-0.4211585117143174,3.899163146062857
151.834,-0.11925087903800982,3.191399968534742,-0.4211472862610293,3.89913113054869
152.084,-0.12106722524568037,3.194170965020823,-0.4211346178759079,3.899094867070472
152.334,-0.12011904919230998,3.1904456942171833,-0.4211235528814133,3.8990630790106766
152.584,-0.12259734054672669,3.194970074377803,-0.42111106297075496,3.8990270702872305
152.834,-0.12341507088870557,3.193939160816769,-0.42110015163919307,3.898995503063037
153.084,-0.124684567280579,3.1954559167274077,-0.4210878342610132,3.898959739854989
153.334,-0.12506076116459605,3.194868067205908,-0.42107707077429773,3.898928382341852
153.584,-0.12392192043132366,3.190672039949832,-0.4210649152689723,3.898892852464565
153.834,-0.12789291616836684,3.197311745128359,-0.4210542909522941,3.8988616969155587
154.084,-0.1267608302789288,3.1931009565770525,-0.4210422900487039,3.8988263928569906
154.334,-0.12932086843583898,3.1977838701794807,-0.4210317997447944,3.898795436534693
154.584,-0.12809554160620157,3.1933359752425305,-0.4210199499879478,3.8987603618254085
154.834,-0.1281783115740209,3.190715628821736,-0.4210095904038927,3.89872960667778
155.084,-0.13029550861252565,3.1943571537262088,-0.42099788612251254,3.89869475833832
155.334,-0.12916762217705077,3.190136014527968,-0.42098765298533397,3.8986642001765386
155.584,-0.12940240143527074,3.1892145186291017,-0.42097609017999743,3.8986295716097548
155.834,-0.12985132299501703,3.1874630228211727,-0.4209659777302532,3.8985992034027683
156.084,-0.13034965944823404,3.1871795596693024,-0.42095454858777326,3.898564788603957
156.334,-0.13125099368180976,3.1878861135718863,-0.42094455133699,3.898534606519689
156.584,-0.1317993158136141,3.187727509552879,-0.4209332504630726,3.8985004016467473
156.834,-0.1318739523024314,3.184892287500438,-0.42092336403406916,3.898470403322549
157.084,-0.13310237915676043,3.186437052238986,-0.4209121870148217,3.898436406607223
157.334,-0.13418572631811926,3.1876063847436225,-0.42090240782385285,3.898406591018435
157.584,-0.13387008151926658,3.185512416291001,-0.42089135082642115,3.8983728015506163
157.834,-0.1365944320742875,3.1892854636220584,-0.42088167699157286,3.8983431658187504
158.084,-0.1370764918643469,3.1889907185667616,-0.4208707367545764,3.898309575998157
158.334,-0.13598327127618687,3.184759927739089,-0.4208611608797759,3.8982801136685152
158.584,-0.13722622774438395,3.186366202634434,-0.4208503302120434,3.8982467200604876
158.834,-0.13937584762025595,3.188888264461828,-0.42084084965301805,3.898217429652019
159.084,-0.139996529441968,3.1889518753881534,-0.4208301264961884,3.898184234337373
159.334,-0.14065295544919143,3.189107042836498,-0.42082074131322583,3.898155124623202
159.584,-0.14209168336062666,3.19100691112266,-0.42081012655792227,3.898122139118472
159.834,-0.14191490337112078,3.1877289955310344,-0.42080083562080556,3.8980932145622593
160.084,-0.14261303837192504,3.187994118587693,-0.42079032768217023,3.898060441274999
160.334,-0.14171863024285522,3.1842011721766337,-0.420781131922356,3.8980317068038928
160.584,-0.14200074549971525,3.1836623561721944,-0.4207707311269374,3.8979991527155375
160.834,-0.1430538771692576,3.1834817282200696,-0.42076162753661,3.897970612098661
161.084,-0.1428724366045701,3.1814987842718807,-0.4207513307260381,3.89793827930749
161.334,-0.14400616682833853,3.1829037299948144,-0.42074231775568305,3.8979099343351913
161.584,-0.14359690461763003,3.1803463113855996,-0.4207321233035424,3.897877825508617
161.834,-0.14540298671366053,3.181976826842593,-0.420723199933084,3.8978496788484174
162.084,-0.1455308365096452,3.180801634331253,-0.420713106639431,3.897817796762899
162.334,-0.1449412365277001,3.1777257819178484,-0.4207042722963449,3.8977898506749598
162.584,-0.14902407621882727,3.1870745032173904,-0.4206942804933756,3.8977581954429903
162.834,-0.14807747200259092,3.1815768442548222,-0.4206855335946106,3.8977304476621892
163.084,-0.14864743818326373,3.1815515332133817,-0.42067564055723106,3.8976990229987853
163.334,-0.14900744737530103,3.180990544172535,-0.42066698245768974,3.8976714863202244
163.584,-0.14896628340611903,3.179365803786748,-0.4206571908026094,3.897640307254944
163.834,-0.15117257546219956,3.1823054899247785,-0.4206486207284543,3.897612988685122
164.084,-0.15160619231296407,3.1819290010233905,-0.42063892939443276,3.897582060684545
164.334,-0.15306896325762037,3.1843305675745928,-0.4206304488476373,3.897554966436656
164.584,-0.15220767614975983,3.180524110392341,-0.4206208611113416,3.8975242957105647
164.834,-0.15279880174054905,3.179255102494923,-0.4206124713359087,3.8974974269491707
165.084,-0.15229687989834545,3.1763941484996945,-0.4206029843759022,3.8974670128749382
165.334,-0.15408037548224243,3.1796820910548558,-0.420594683191447,3.8974403727954767
165.584,-0.15499149408807103,3.180618975377291,-0.4205852972931369,3.8974102220335145
165.834,-0.1544535473958049,3.1761357647735498,-0.4205770850800892,3.8973838160565317
166.084,-0.1552840220317757,3.177039467453345,-0.4205678006726914,3.897353934325045
166.334,-0.15571125244492595,3.1766866972262093,-0.4205596782089186,3.8973277680140583
166.584,-0.15599963812917816,3.175948688266402,-0.4205504998003669,3.897298168048927
166.834,-0.1565820258763331,3.17452560543237,-0.42054247278261264,3.897272256497272
167.084,-0.15781373377184965,3.1763900285149056,-0.42053340130510225,3.8972429478203012
167.334,-0.15933678856446154,3.179078696122297,-0.42052546823665593,3.8972172950094115
167.584,-0.11230149490562187,3.0247594253877708,-0.41917889160181665,3.8940379461048877
167.834,-0.10540314954843023,3.0405806040905334,-0.4058676969516308,3.865147238406478
168.084,-0.09913847261708761,3.1842030887430344,-0.38465474859291277,3.8257482217435776
168.334,-0.04192267818778503,3.168080546487829,-0.37851627744466115,3.815149451275144
168.584,-0.01810311463785763,3.16960407858716,-0.3783512473309967,3.8148408146314057
168.834,-0.04575615018004475,3.14832970209857,-0.3783361821902194,3.8148095069694783
169.084,0.00859268169940483,3.022254196225581,-0.3734561486504823,3.8064071242338855
169.334,0.019559065306916895,3.0244859300827382,-0.34999495096537625,3.7776603754712954
169.584,0.06389558554812214,3.1867957496895327,-0.32453281803812706,3.75101850956172
169.834,0.16857105660205923,3.2171318191936487,-0.3235569575645327,3.7499961794346133
170.084,0.15394017883112446,3.2097593952403276,-0.32348726252606164,3.7499262244746663
170.334,0.15148930868439292,3.211433092432177,-0.32342720213133364,3.749866035607089
170.584,0.15264745548970662,3.2090433358238917,-0.3233595545018356,3.7497981822411997
170.834,0.15729310826821258,3.2014034769693236,-0.3233003177322692,3.7497386455926134
171.084,0.15874133031116655,3.198738510575816,-0.3232331623344219,3.7496709767735883
171.334,0.15771216352108414,3.198841353231213,-0.3231741967355736,3.7496113999505543
171.584,0.1565178026924479,3.1991247986954474,-0.3231072783297036,3.749543596537196
171.834,0.15471475873164034,3.1990566916356924,-0.32304851456119765,3.7494838762666283
172.084,0.1551495832197881,3.1975358760618313,-0.32298182686584653,3.7494159016986033
172.334,0.15345999376387187,3.1983272277373818,-0.32292326408395794,3.749356030439573
172.584,0.15363612850843109,3.197106570801616,-0.3228568155447715,3.7492878936880496
172.834,0.1510215043967622,3.197868809688377,-0.322798474865631,3.7492278912240637
173.084,0.14562175883530656,3.2035193856398902,-0.32273229298286843,3.749159619605311
173.334,0.14550004124651594,3.2025708214808164,-0.3226741991251925,3.7490995107760066
173.584,0.1458798023588241,3.201031597611145,-0.32260831119698435,3.7490311314821483
173.834,0.14514404955056,3.1996883032855763,-0.32255048827013955,3.7489709399860884
174.084,0.14282885104200493,3.2013065840357235,-0.3224849386486645,3.7489024992380893
174.334,0.14911941015861122,3.192560046798734,-0.32242746271991585,3.7488423108643034
174.584,0.15043255957797924,3.189890964807858,-0.322362360054801,3.74877393669554
174.834,0.1515377663506921,3.186388200224995,-0.3223053007657464,3.748713834996344
175.084,0.14874114211403008,3.1885717571598535,-0.3222406845454248,3.7486455741779516
175.334,0.14493438877412038,3.19207875096629,-0.3221840633011451,3.7485855841380746
175.584,0.14662859828090904,3.1889237563143746,-0.32211995698847934,3.7485174648755755
175.834,0.147729547347666,3.1853311097973305,-0.32206379479011005,3.7484576123576367
176.084,0.14544752253954413,3.1869353324662186,-0.3220002221015926,3.748389664228571
176.334,0.14496844845895535,3.1862878858709553,-0.32194453912454385,3.748329974667046
176.584,0.14566653340767202,3.1843882617518435,-0.3218815218612924,3.748262225497358
176.834,0.13735584646321114,3.1925489781053034,-0.32182633722511794,3.7482027234016244
177.084,0.13435971165754332,3.1950547019618583,-0.32176394665269825,3.7481352605620035
177.334,0.13489546051689194,3.193282667363807,-0.3217093973913388,3.748076115859207
177.584,0.13672313465335315,3.189933940973525,-0.32164777069198325,3.7480091154513984
177.834,0.1339692567426362,3.191039611611487,-0.3215938959428786,3.7479503829388876
178.084,0.13999291638131248,3.182309496219582,-0.321533039436576,3.7478838582726017
178.334,0.1379813437409139,3.183642134353507,-0.32147984509896793,3.747825551248819
178.584,0.13916011508379308,3.1811355290928196,-0.32141976604485234,3.7477595189996085
178.834,0.13748931319027713,3.18102347045538,-0.32136727349741734,3.7477016701294565
179.084,0.13483363093138617,3.183181930658635,-0.3213080292771278,3.747636209348498
179.334,0.13492098465029603,3.181946343963151,-0.32125628837116804,3.7475788895543265
179.584,0.1354217230410829,3.1801974179124057,-0.32119790118308733,3.7475140371971105
179.834,0.13658700600872525,3.1764895391836845,-0.32114693156930085,3.747457285670784
180.084,0.1346136517565289,3.1778297538964226,-0.32108949282485727,3.7473931831247635
180.334,0.12957757026819486,3.1834128886795083,-0.32103941731780417,3.747337167232631
180.584,0.12718661554587374,3.1851198948026056,-0.3209830096867152,3.7472739212053168
180.834,0.12580003112350718,3.184660592150805,-0.3209338425269977,3.7472186659607503
181.084,0.12643123862706115,3.182767757024278,-0.3208784696126443,3.747156293815601
181.334,0.1245779919912745,3.184014034567504,-0.3208302145412002,3.747101815401231
181.584,0.12559124649402198,3.1818200947717923,-0.32077587991854983,3.7470403347501233
181.834,0.1288740174097524,3.1752256122606326,-0.3207285460609999,3.7469866567230756
182.084,0.1325752662261671,3.169332339904272,-0.3206752843807618,3.746926126923388
182.334,0.1305076703640223,3.1710230889468027,-0.32062891079166134,3.7468733133055134
182.584,0.13422481252486507,3.165172518635287,-0.3205767412356302,3.7468137739270553
182.834,0.12893900962285343,3.1698444737346545,-0.320531327440284,3.7467618367460522
183.084,0.12776254691281558,3.170264947836581,-0.32048024817879134,3.746703300000596
183.334,0.12692688820659057,3.170260126400601,-0.3204357928624439,3.7466522503915685
183.584,0.1257901388604377,3.170642994966535,-0.3203858023402472,3.7465947286814107
183.834,0.1274086848746733,3.166383598471457,-0.32034230654025225,3.7465445803402044
184.084,0.11814978573923587,3.177730283767011,-0.32029342126960664,3.7464881102309695
184.334,0.11792484716733162,3.1769686254543803,-0.3202509106942195,3.7464389117117984
184.584,0.11742916871037545,3.1765621242170967,-0.3202031462090306,3.746383530315729
184.834,0.1164115522548668,3.1757940855313818,-0.32016161835537055,3.7463352920248383
185.084,0.1153853947819237,3.1760954663533694,-0.3201149672219061,3.7462810049538056
185.334,0.11668192911094524,3.1733576947917195,-0.32007441556928945,3.7462337319053574
185.584,0.11696222223875305,3.171950760064206,-0.32002887044033834,3.746180544914007
185.834,0.2644394607189208,2.962473694307997,-0.3144515638708212,3.7397756106705127
186.084,0.1541048135035546,3.1808122904783227,-0.30000636778582956,3.7275664197522236
186.334,0.25211822299616676,3.2592317590262714,-0.29376480337118,3.7238903679436426
186.584,0.3056081500695085,3.3380739318610897,-0.2930548742179451,3.7235301589414473
186.834,0.3339554606025501,3.3834057171034972,-0.29308462529143164,3.7235490187769846
187.084,0.3323908088321766,3.384960311726708,-0.29311892705635206,3.7235716202527134
187.334,0.33463901818254915,3.3844550435476544,-0.2931494585592114,3.723591631451199
187.584,0.3331379143145756,3.38597666098748,-0.29318457134298215,3.7236145230802715
187.834,0.33374337310308194,3.3870741304462584,-0.2932158160877996,3.7236347855571967
188.084,0.3350073600957867,3.3871110195000353,-0.2932517220590248,3.7236579504307494
188.334,0.3358180664164625,3.3873942887448676,-0.29328364684511254,3.723678441283682
188.584,0.3384293659096782,3.386719772959701,-0.29332032184771367,3.7237018604803658
188.834,0.33942819454319895,3.3876336528498707,-0.2933529228151067,3.7237225719569156
189.084,0.34470276700034314,3.385281994290056,-0.2933903662046888,3.7237462384485176
189.334,0.34523207559912306,3.3857297306272365,-0.2934236438863003,3.723767163504726
189.584,0.34151978244909786,3.388422681340252,-0.29346185410563963,3.723791068605354
189.834,0.3246375955068188,3.39895568445937,-0.2934958001083362,3.7238121988105912
190.084,0.32335283192887265,3.4003436654541312,-0.29353476494431385,3.723836330747553
190.334,0.32202323774464287,3.401753478696003,-0.29356937262773886,3.72385765641977
190.584,0.33892460648012956,3.393485973431879,-0.2936090877464854,3.723882006221489
190.834,0.33775411112935316,3.3955629925981796,-0.29364435419740553,3.723903519907455
191.084,0.33714295529291166,3.396615341187214,-0.293684817105288,3.723928079466984
191.334,0.3373037676820566,3.3972679919101623,-0.2937207403088281,3.723949774117479
191.584,0.3428474387997319,3.3951415396914735,-0.2937619472499881,3.7239745347064708
191.834,0.34237779760946696,3.3968721478424015,-0.2937985220879991,3.7239964017404974
192.084,0.3392384463591154,3.399229173135182,-0.2938404664501134,3.7240213533065765
192.334,0.3444368913522741,3.3973124546920372,-0.2938776883394451,3.7240433835665336
192.584,0.34078795436584763,3.39992712353225,-0.2939203607830674,3.724068514027541
192.834,0.34271816823217105,3.4004420882214648,-0.29395821396511845,3.7240906952147403
193.084,0.35341364534360575,3.395488776922189,-0.2940015989557868,3.7241159910834574
193.334,0.35184243225371853,3.3969954302131122,-0.2940400780655324,3.72413831439507
193.584,0.34973610286976997,3.3988277598795853,-0.2940841859560718,3.7241637739515396
193.834,0.3281061781485803,3.411472636351398,-0.2941233096142385,3.72418624230183
194.084,0.328146474206707,3.412193753119311,-0.2941681513125669,3.7242118637448316
194.334,0.3428408902126123,3.4054309209462668,-0.2942079215603845,3.7242344719476765
194.584,0.34109751812052946,3.407062301931643,-0.2942534954105752,3.7242602474979316
194.834,0.34409561439462705,3.407092441759709,-0.294293908104879,3.724282987458165
195.084,0.34323476703078915,3.4082846724432967,-0.2943402113786422,3.724308908892344
195.334,0.34182879521024045,3.4097455353411545,-0.29438126584596114,3.7243317737285055
195.584,0.3448165306890795,3.409036537736384,-0.2944283554571071,3.7243578603017347
195.834,0.3432798934775138,3.4113284531753045,-0.2944700985133716,3.7243808662909017
196.084,0.3438052026655793,3.411839844777867,-0.29451790310229004,3.7244070782340075
196.334,0.3458706082528076,3.411601313151338,-0.2945602665742696,3.724430187705371
196.584,0.3446950847448584,3.4129476653753406,-0.29460851698490914,3.724456431894026
196.834,0.3544265251835118,3.409488670386324,-0.294651028135387,3.7244794904815075
197.084,0.35453938542188573,3.4101706287090368,-0.29469947417259057,3.7245056844020157
197.334,0.332832775198672,3.4216734143596703,-0.29474221679206775,3.7245287157681988
197.584,0.33177686042411403,3.4229391859167215,-0.2947909594713732,3.724554883398821
197.834,0.34897964341059595,3.416056535630313,-0.29483398974232,3.724577885762942
198.084,0.3477950755855936,3.417399779654599,-0.2948830781487551,3.7246040158170364
198.334,0.34715893017925814,3.418478828405198,-0.2949264162896469,3.724626985787046
198.584,0.34754602682487606,3.4190695127302044,-0.29497590786098743,3.7246530981301835
198.834,0.346270703941144,3.421222018010431,-0.2950196574840032,3.7246760735543893
199.084,0.35018562334704584,3.420146904769812,-0.2950695663877667,3.724702165631323
199.334,0.34983409857111003,3.4210899471324563,-0.2951136286722488,3.7247250955621953
199.584,0.3496595540499042,3.421948914230195,-0.29516389421757083,3.7247511326322313
199.834,0.35210440141941185,3.422359439985742,-0.29520826994472965,3.724774011033534
200.084,0.34897677974296026,3.424596632458232,-0.29525888920288484,3.7247999848231275
200.334,0.3515328322695238,3.4241848052989825,-0.29530357256236567,3.7248228034995408
200.584,0.35837740216445646,3.421512309320863,-0.2953545426887464,3.7248487065457283
200.834,0.33703678475259113,3.433121623966773,-0.29539952919232393,3.724871458180827
201.084,0.3365922348830228,3.4340877541388086,-0.29545083558176,3.724897278887038
201.334,0.3375767350905237,3.434397062704467,-0.2954961140826279,3.724919953549512
201.584,0.3344143211541027,3.4367315265863865,-0.2955477432295383,3.724945680130031
201.834,0.35192503335681036,3.4301251426763084,-0.29559331331608657,3.724968272722391
202.084,0.3530956443994179,3.4303724200877186,-0.29564525242673745,3.7249938944370284
202.334,0.35227034463407003,3.431526598354398,-0.29569105990457456,3.725016377937903
202.584,0.35267615428087373,3.4319939747778037,-0.2957432574408058,3.725041868979447
202.834,0.35212216761620585,3.4338014126455274,-0.2957892819436539,3.7250642314945206
203.084,0.35470791920089617,3.4334208861925224,-0.2958417152466531,3.725089577931442
203.334,0.35541364713071233,3.4338871867915532,-0.2958879364123288,3.7251118069870186
203.584,0.3544011995310894,3.4351211290140933,-0.2959405788128236,3.725136994462023
203.834,0.35365236484026397,3.4370145869783197,-0.2959869713535606,3.7251590770492005
204.084,0.36389611640091857,3.432990926283829,-0.29603979737878117,3.725184090851462
204.334,0.36525212344930225,3.4331810576707484,-0.2960863401360661,3.7252060144259267
204.584,0.34250365918749803,3.444174317968775,-0.29613932158384965,3.725230840473683
204.834,0.3410447650751318,3.4463437557092864,-0.2961859874940915,3.7252525926057127
205.084,0.33738605921536047,3.4487043232674868,-0.29623909732705983,3.72527721577363
205.334,0.35506620401566014,3.44161603438102,-0.29628586643286203,3.725298783065063
205.584,0.35611279350893543,3.4419412993637852,-0.29633907666536635,3.7253231892791794
205.834,0.3564177112501047,3.4433701847546394,-0.2963859147152801,3.725344558559317
206.084,0.3533701774992999,3.4454632562026744,-0.2964391812337991,3.7253687308875647
206.334,0.3549354001735106,3.4455672840249,-0.29648605538987155,3.725389887530045
206.584,0.35801418989815414,3.4450261832452713,-0.2965393348925267,3.7254138084981707
206.834,0.35823146841688447,3.446494627309413,-0.296586107203689,3.725434712424899
207.084,0.3576112474424573,3.4475378215928956,-0.29663909819981704,3.725458295238287
207.334,0.3603861084475324,3.4471401098722936,-0.2966855435418836,3.7254788790965696
207.584,0.3570203795007274,3.4493414060644683,-0.2967380899865169,3.7255020787922226
207.834,0.36811784900138833,3.4459551956655377,-0.29678408071038875,3.7255223080934634
208.084,0.3432073669927145,3.4573610658009146,-0.2968360876122495,3.725545098298381
208.334,0.34473215452324113,3.4574767182959096,-0.29688159212896537,3.7255649647168827
208.584,0.3420468954425726,3.459348313290237,-0.2969330038227423,3.725587333746736
208.834,0.36138124682250283,3.452680396373928,-0.2969779277911796,3.725606816606103
209.084,0.35887570226846494,3.4544825065295592,-0.2970286440272891,3.725628740960602
209.334,0.3608285280614296,3.4544387953145934,-0.29707294448384935,3.7256478310260848
209.584,0.35982184659761685,3.455613936400159,-0.297122938850733,3.725669307171896
209.834,0.35835306058690697,3.4577276943019553,-0.29716659280473295,3.7256880015282086
210.084,0.3607256954369794,3.4575124226981875,-0.2972158293001421,3.7257090244657594
210.334,0.3613978949260158,3.457991626408819,-0.2972587650385529,3.7257273093286987
210.584,0.36031968205152864,3.459179469336327,-0.2973071325388795,3.7257478553012495
210.834,0.3614728451380285,3.4602059911651786,-0.297349289711961,3.7257657189607896
211.084,0.3656490577031658,3.459270799496787,-0.29739676079918714,3.725785786002789
211.334,0.3726584764051537,3.456939701025823,-0.29743811966904343,3.725803228171599
211.584,0.37245378183379163,3.457771809762871,-0.2974846743644143,3.7258228152328123
211.834,0.3452213184001887,3.4702758234785014,-0.297525211837187,3.7258398337127154
212.084,0.3458268448157086,3.470748876983187,-0.2975707842177195,3.725858931368329
212.334,0.34660405944848727,3.471152902649456,-0.2976104170968711,3.725875512063916
212.584,0.3644630854341651,3.464671332540282,-0.29765494580943214,3.725894111355193
212.834,0.36407255507725367,3.4662746446972417,-0.2976936506556567,3.725910254914616
213.084,0.36576741342129926,3.4663323606245706,-0.29773711211135406,3.7259283580700413
213.334,0.3655788844383361,3.4671259977664084,-0.29777486969050265,3.7259440658125675
213.584,0.36265932163232373,3.46897911152886,-0.2978172460673478,3.7259616750667797
213.834,0.362396578086021,3.4705004502732013,-0.2978540403409882,3.725976949539951
214.084,0.3633933807340417,3.4708216595605004,-0.2978952894686389,3.7259940633735105
214.334,0.36448565162259694,3.4711056415052584,-0.2979310554319018,3.7260088972098293
214.584,0.36664880888647927,3.470978160641107,-0.29797111514055874,3.7260255089633243
214.834,0.36808139273004464,3.4718324008050514,-0.2980058275667572,3.726039902940337
215.084,0.37874976767769986,3.468199484337027,-0.2980446836874748,3.726056017307133
215.334,0.37707171289119856,3.4695459336856054,-0.2980783321674879,3.7260699760815825
215.584,0.37375411569889044,3.4714468303658776,-0.2981159731116029,3.7260855984446013
215.834,0.3511869338130025,3.481572934181625,-0.2981485476598681,3.7260991268271457
216.084,0.35287661844684076,3.4816054672469785,-0.2981849623266647,3.7261142627502837
216.334,0.3682882726489973,3.4763512990914096,-0.2982164494130599,3.726127365231664
216.584,0.36857183030159013,3.476924663548362,-0.2982516003922974,3.7261420161231906
216.834,0.36674360915102255,3.4789546790201547,-0.2982819567617921,3.7261546926990845
217.084,0.3710399085118429,3.4780314509492496,-0.29831581891572906,3.7261688640315223
217.334,0.3676015801071838,3.4799736225298394,-0.2983450381972085,3.726181122052676
217.584,0.36734566649013783,3.4807326041515356,-0.2983776045518917,3.7261948212352154
217.834,0.36836185799017296,3.481679566387399,-0.2984056811919343,3.7262066670105054
218.084,0.36871257809486657,3.482208241788019,-0.2984369468574514,3.7262199006771395
218.334,0.37167146635926374,3.481783560901174,-0.2984638778753405,3.726231340059404
218.584,0.3690089011037557,3.4834068513400074,-0.29849383853663897,3.7262441157556783
218.834,0.3700546203594479,3.4843236522396444,-0.29851961906964225,3.7262551555009957
219.084,0.37992190197309206,3.4811416784864386,-0.29854826917080823,3.7262674805966793
219.334,0.38239276078837076,3.480899865734482,-0.2985728839331562,3.726278125972079
219.584,0.3802088251739934,3.4822884784816663,-0.2986001834188081,3.726290003279222
219.834,0.35457662357729913,3.4929663058154996,-0.29862362469785964,3.7263002370070395
220.084,0.3545126052031629,3.493605962719103,-0.2986496652896918,3.7263116333896824
220.334,0.35417480003206825,3.494340503570456,-0.29867203783295015,3.726321457079028
220.584,0.37007618584645396,3.48916985531105,-0.29869686043351523,3.726332396931631
220.834,0.3688827273289097,3.490836164637528,-0.2987181598587699,3.7263418224380898
221.084,0.37333848964787947,3.489886873416679,-0.2987417606181473,3.7263523134727614
221.334,0.36889748104129483,3.492065611396497,-0.29876198352756345,3.7263613475259643
221.584,0.37210905564694596,3.491555336116324,-0.2987843587085981,3.726371397407165
221.834,0.3725008725513006,3.4926445970130033,-0.2988035029623535,3.7263800456144773
222.084,0.3714404737838378,3.49362304642859,-0.2988246642541932,3.726389655951121
222.334,0.3711750327642245,3.494322136473972,-0.2988427518233157,3.7263979202754784
222.584,0.36976563804526275,3.495512812286844,-0.2988627106468875,3.7264071008143733
222.834,0.3720456038664095,3.4959281975796044,-0.29887972664963464,3.726414988946593
223.084,0.3759346405387547,3.495194177032582,-0.2988984500780252,3.7264237435096983
223.334,0.3747526708561201,3.4961980667758334,-0.2989143744142403,3.7264312597039546
223.584,0.3816892656448741,3.494105213725637,-0.2989318563394667,3.7264395915086768
223.834,0.3843833214824113,3.494298832076985,-0.2989466975032684,3.726446736240978
224.084,0.35963189094338177,3.5035093598579232,-0.29896295798530953,3.726454651828664
224.334,0.3594571831962621,3.5041438548749193,-0.2989767247454307,3.726461435389848
224.584,0.3576094174357479,3.5053393398286445,-0.2989917625999341,3.7264689443090226
224.834,0.37320275722751306,3.501105245327123,-0.29900445376180007,3.726475373152821
225.084,0.37563418338880156,3.500871339863882,-0.29901826954424837,3.726482482494613
225.334,0.3756691872992676,3.5014391159947893,-0.2990298854130277,3.7264885635628984
225.584,0.3745618940624955,3.50238489668844,-0.29904247784805627,3.7264952815539334
225.834,0.3749297826961441,3.50340928895332,-0.29905301747455765,3.726501020890016
226.084,0.3737615700569167,3.5043660195519575,-0.29906439686104613,3.7265073504786406
226.334,0.37273183931021975,3.5052734880339855,-0.29907387884566095,3.726512750976718
226.584,0.3727859510275016,3.5058212610388484,-0.2990840518029115,3.726518701466715
226.834,0.37660446801144776,3.505698224083371,-0.29909245682134095,3.726523770437978
227.084,0.37490133310374196,3.506816855556811,-0.2991013911097446,3.7265293459935074
227.334,0.376253427197075,3.506937641928558,-0.29910870466955686,3.72653408831911
227.584,0.3771971815629471,3.5071911799780793,-0.29911639490950526,3.7265392961570876
227.834,0.37603489227949105,3.5086807714620747,-0.29912260992722406,3.726543717965595
228.084,0.386568072110722,3.505581809755623,-0.2991290491676903,3.7265485651020733
228.334,0.38841495753089117,3.5055854711789634,-0.2991341630293585,3.7265526728782294
228.584,0.38182122739802704,3.5081740282635305,-0.299139357657888,3.7265571632579237
228.834,0.36289973629963934,3.515539089694231,-0.2991433858200264,3.7265609593094164
229.084,0.35823718791710163,3.517556991257403,-0.2991475078429094,3.7265651222077336
229.334,0.36314928443931715,3.5165296296036592,-0.2991509434892025,3.7265687366244453
229.584,0.3605630813883447,3.5178775313991504,-0.29915426036270415,3.7265726830639205
229.834,0.37862336338512026,3.513096119145697,-0.2991566446515336,3.726576009676727
230.084,0.38050553091611866,3.513041342134718,-0.2991587613316223,3.7265796316993853
230.334,0.3770307296062454,3.5146669219197353,-0.2991601007316224,3.7265826791745655
230.584,0.3785056427627522,3.514737982917101,-0.29916103131691196,3.7265859881620367
230.834,0.37951272800504077,3.515485472215802,-0.29916132831031444,3.726588763998127
231.084,0.37793744671014606,3.516503641229073,-0.2991610662291285,3.726591768293835
231.334,0.3796263246135159,3.5165077617089335,-0.2991603042646329,3.7265942792978284
231.584,0.37922911440029294,3.517156759845398,-0.29915883837001117,3.726596982900148
231.834,0.3760654458879008,3.5191748723345304,-0.2991570252629538,3.726599230873278
232.084,0.38168781621397185,3.517971098543511,-0.29915436713487226,3.726601640033989
232.334,0.3793861717311072,3.5191967067984375,-0.2991515013353207,3.7266036317739166
232.584,0.3771831336175472,3.5203870975119864,-0.2991476438892893,3.7266057523840996
232.834,0.38115656065784376,3.5202100897462376,-0.2991437226147674,3.726607493039831
233.084,0.3930122813138633,3.5168741484517856,-0.29913866446467174,3.726609331487522
233.334,0.3914451117740944,3.51786987280268,-0.29913368593385964,3.726610826776606
233.584,0.36327179375041097,3.5270594238904955,-0.2991274544804535,3.7266123948988965
233.834,0.36278057274642067,3.528200742436563,-0.2991218999671525,3.726613757381744
234.084,0.3648963999453302,3.5280613752123005,-0.29911568999113014,3.7266153181693666
234.334,0.36346064211947254,3.528980885640725,-0.2991103160562762,3.726616701450804
234.584,0.36555500814136577,3.5288441243911395,-0.2991043072919513,3.726618285506282
234.834,0.37931290566542786,3.52559022755843,-0.2990991087931755,3.7266196900990516
235.084,0.3810812375525493,3.525554613987425,-0.2990932985892983,3.726621298407545
235.334,0.38086879022511577,3.5261021183605186,-0.2990882737693248,3.7266227246787813
235.584,0.3836456193189668,3.5257659758880298,-0.29908265739242335,3.7266243813496644
235.834,0.38181396879758017,3.5272554208216054,-0.29907779828419756,3.726625837922307
236.084,0.3814004540597877,3.527846952752915,-0.2990723727033429,3.7266275132558886
236.334,0.3804147563300021,3.5286009801627123,-0.29906768529800026,3.726629003860139
236.584,0.3817545545988289,3.528673374654856,-0.2990624527384931,3.7266307176143845
236.834,0.38458996598924555,3.528765421074443,-0.2990579335958188,3.7266322434341204
237.084,0.38337794312822937,3.529568297646328,-0.29905289175744076,3.726634001065107
237.334,0.383535208658589,3.5299712109222146,-0.299048539508761,3.7266355688469157
237.584,0.3827672949893438,3.5306360203396236,-0.29904368524834385,3.726637375863881
237.834,0.38221619835611864,3.531667423434994,-0.29903949611253655,3.7266389889074185
238.084,0.38388983716730435,3.5316204713688086,-0.2990348251339112,3.72664084908943
238.334,0.3820390807135918,3.532575941177269,-0.2990307951237024,3.7266425092302415
238.584,0.3943372070513469,3.5293146544994953,-0.2990263027685458,3.7266444230433944
238.834,0.3939216709791823,3.5301553846209646,-0.29902242724499556,3.7266461271601075
239.084,0.3703238287083779,3.5374709123602583,-0.29901810748462143,3.726648089551671
239.334,0.3703407575818637,3.53786585521506,-0.29901438187117974,3.726649838410998
